{"_id":"55ee5e445dc9f64f3406fa6c","index":1410,"guid":"278c1554-a734-40bc-a84e-ffe7bd7760f5","isActive":false,"balance":"$83,713.09","picture":"http://placehold.it/32x32","age":57,"eyeColor":"green","name":"Weeks Hendrix","gender":"male","company":"UPLINX","email":"weekshendrix@uplinx.com","phone":"+1 (872) 494-3030","address":"745 Independence Avenue, Sparkill, Alaska, 8946","about":"Commodo enim enim sunt ullamco nisi deserunt elit excepteur aute elit consequat officia officia pariatur. Elit nostrud eu sunt amet cillum tempor magna Lorem. Officia tempor deserunt nisi est labore aute.\r\n","registered":"2014-07-14T07:00:42 -07:00","tags":["Lorem","labore","consectetur","irure","ex","ea","in"],"friends":[{"id":0,"name":"Noble Vinson"},{"id":1,"name":"Latisha Petty"},{"id":2,"name":"Floyd Pittman"}],"greeting":"Hello, Weeks Hendrix! You have 2 unread messages.","favoriteFruit":"apple","location":{"latitude":-52.122497,"longitude":157.051563},"docFormat":"json","triples":[{"triple":{"subject":"/sample-data/data-1410.json","predicate":"http://www.w3.org/2000/01/rdf-schema#label","object":"Weeks Hendrix"}},{"triple":{"subject":"/sample-data/data-1410.json","predicate":"http://www.w3.org/1999/02/22-rdf-syntax-ns#type","object":"http://xmlns.com/foaf/0.1/Person"}},{"triple":{"subject":"/sample-data/data-1410.json","predicate":"http://xmlns.com/foaf/0.1/knows","object":"/sample-data/data-548.json"}},{"triple":{"subject":"/sample-data/data-1410.json","predicate":"http://xmlns.com/foaf/0.1/knows","object":"/sample-data/data-61.json"}},{"triple":{"subject":"/sample-data/data-1410.json","predicate":"http://xmlns.com/foaf/0.1/knows","object":"/sample-data/data-76.json"}}]}