{"_id":"55ee5e4403bb4f5ec57c9ca3","index":1363,"guid":"1a1d9f54-aa88-41f5-917b-3226a6d5a353","isActive":true,"balance":"$12,340.46","picture":"http://placehold.it/32x32","age":47,"eyeColor":"brown","name":"Ida Dickson","gender":"female","company":"SKYBOLD","email":"idadickson@skybold.com","phone":"+1 (912) 588-3330","address":"378 President Street, Selma, Montana, 5914","about":"Anim tempor pariatur enim velit et. Incididunt excepteur anim qui ad ea voluptate amet reprehenderit officia mollit. Est est qui anim deserunt enim anim ex exercitation fugiat id ad quis fugiat dolore. Sint aute nulla proident adipisicing sunt velit Lorem proident. Laboris proident exercitation sit et anim in dolore dolore reprehenderit reprehenderit. Fugiat sit non quis exercitation aute anim tempor anim reprehenderit.\r\n","registered":"2014-03-23T01:12:07 -07:00","tags":["tempor","non","mollit","amet","laborum","enim","cillum"],"friends":[{"id":0,"name":"Rush Chavez"},{"id":1,"name":"Travis Chase"},{"id":2,"name":"May Moore"}],"greeting":"Hello, Ida Dickson! You have 8 unread messages.","favoriteFruit":"apple","location":{"latitude":-78.488725,"longitude":-162.909397},"docFormat":"json","triples":[{"triple":{"subject":"/sample-data/data-1363.json","predicate":"http://www.w3.org/2000/01/rdf-schema#label","object":"Ida Dickson"}},{"triple":{"subject":"/sample-data/data-1363.json","predicate":"http://www.w3.org/1999/02/22-rdf-syntax-ns#type","object":"http://xmlns.com/foaf/0.1/Person"}},{"triple":{"subject":"/sample-data/data-1363.json","predicate":"http://xmlns.com/foaf/0.1/knows","object":"/sample-data/data-2489.json"}},{"triple":{"subject":"/sample-data/data-1363.json","predicate":"http://xmlns.com/foaf/0.1/knows","object":"/sample-data/data-1717.json"}},{"triple":{"subject":"/sample-data/data-1363.json","predicate":"http://xmlns.com/foaf/0.1/knows","object":"/sample-data/data-152.json"}}]}