{"_id":"55ee5e4426c8bdae4f632f39","index":1010,"guid":"628f7f79-15b9-4759-8ffb-c2adac3f7f86","isActive":true,"balance":"$12,365.52","picture":"http://placehold.it/32x32","age":65,"eyeColor":"blue","name":"Holder Carroll","gender":"male","company":"COMSTAR","email":"holdercarroll@comstar.com","phone":"+1 (965) 432-2231","address":"704 Farragut Road, Waukeenah, Virginia, 220","about":"Tempor tempor nulla ipsum id commodo eu occaecat nisi fugiat laboris est veniam id tempor. Ullamco aute nulla incididunt laborum eiusmod nostrud excepteur. Qui deserunt ad cupidatat velit aliqua anim. Sunt reprehenderit elit in cupidatat.\r\n","registered":"2014-12-14T05:03:27 -07:00","tags":["esse","aliqua","id","quis","excepteur","duis","ut"],"friends":[{"id":0,"name":"Jane Good"},{"id":1,"name":"Kirsten Patton"},{"id":2,"name":"Pickett Dudley"}],"greeting":"Hello, Holder Carroll! You have 4 unread messages.","favoriteFruit":"orange","location":{"latitude":-23.508204,"longitude":-121.489658},"docFormat":"json","triples":[{"triple":{"subject":"/sample-data/data-1010.json","predicate":"http://www.w3.org/2000/01/rdf-schema#label","object":"Holder Carroll"}},{"triple":{"subject":"/sample-data/data-1010.json","predicate":"http://www.w3.org/1999/02/22-rdf-syntax-ns#type","object":"http://xmlns.com/foaf/0.1/Person"}},{"triple":{"subject":"/sample-data/data-1010.json","predicate":"http://xmlns.com/foaf/0.1/knows","object":"/sample-data/data-2538.json"}},{"triple":{"subject":"/sample-data/data-1010.json","predicate":"http://xmlns.com/foaf/0.1/knows","object":"/sample-data/data-2689.json"}},{"triple":{"subject":"/sample-data/data-1010.json","predicate":"http://xmlns.com/foaf/0.1/knows","object":"/sample-data/data-386.json"}}]}