{"_id":"55ee5e4446abac5288ab69ea","index":1014,"guid":"2d7fcf12-c881-456d-a832-0c451c29e70b","isActive":true,"balance":"$68,631.73","picture":"http://placehold.it/32x32","age":30,"eyeColor":"brown","name":"Essie Hughes","gender":"female","company":"CIPROMOX","email":"essiehughes@cipromox.com","phone":"+1 (900) 475-2305","address":"765 Rewe Street, Fedora, Colorado, 8878","about":"Laborum consequat quis adipisicing ex esse ad dolor cillum. Et reprehenderit irure nostrud elit ea proident do ipsum nostrud nisi amet enim elit tempor. Dolore exercitation cillum amet velit voluptate excepteur consectetur sunt deserunt ea minim qui et. Velit anim sit dolor magna.\r\n","registered":"2014-09-28T01:11:32 -07:00","tags":["qui","labore","dolore","Lorem","fugiat","ipsum","laboris"],"friends":[{"id":0,"name":"Sofia Fletcher"},{"id":1,"name":"Melba Mccarthy"},{"id":2,"name":"Mooney Hayden"}],"greeting":"Hello, Essie Hughes! You have 3 unread messages.","favoriteFruit":"banana","location":{"latitude":-65.371982,"longitude":111.774898},"docFormat":"json","triples":[{"triple":{"subject":"/sample-data/data-1014.json","predicate":"http://www.w3.org/2000/01/rdf-schema#label","object":"Essie Hughes"}},{"triple":{"subject":"/sample-data/data-1014.json","predicate":"http://www.w3.org/1999/02/22-rdf-syntax-ns#type","object":"http://xmlns.com/foaf/0.1/Person"}},{"triple":{"subject":"/sample-data/data-1014.json","predicate":"http://xmlns.com/foaf/0.1/knows","object":"/sample-data/data-2960.json"}},{"triple":{"subject":"/sample-data/data-1014.json","predicate":"http://xmlns.com/foaf/0.1/knows","object":"/sample-data/data-1361.json"}},{"triple":{"subject":"/sample-data/data-1014.json","predicate":"http://xmlns.com/foaf/0.1/knows","object":"/sample-data/data-1540.json"}}]}