{"_id":"55ee5e44efc0820f2682c80c","index":1426,"guid":"8ecd9012-8dfa-4fff-96e3-715c3a17cd57","isActive":true,"balance":"$66,792.90","picture":"http://placehold.it/32x32","age":37,"eyeColor":"green","name":"Leola Gonzalez","gender":"female","company":"GOGOL","email":"leolagonzalez@gogol.com","phone":"+1 (925) 535-2458","address":"665 Roosevelt Court, Stewartville, Idaho, 8165","about":"Minim dolor labore irure eu tempor ut ipsum commodo irure. Aute tempor voluptate aliqua adipisicing laborum. Voluptate enim laboris est deserunt fugiat dolor adipisicing.\r\n","registered":"2015-03-29T07:14:07 -07:00","tags":["officia","anim","non","dolore","dolor","ullamco","dolor"],"friends":[{"id":0,"name":"Madelyn Barr"},{"id":1,"name":"Nellie Love"},{"id":2,"name":"Glover Young"}],"greeting":"Hello, Leola Gonzalez! You have 2 unread messages.","favoriteFruit":"orange","location":{"latitude":40.185553,"longitude":-27.318402},"docFormat":"json","triples":[{"triple":{"subject":"/sample-data/data-1426.json","predicate":"http://www.w3.org/2000/01/rdf-schema#label","object":"Leola Gonzalez"}},{"triple":{"subject":"/sample-data/data-1426.json","predicate":"http://www.w3.org/1999/02/22-rdf-syntax-ns#type","object":"http://xmlns.com/foaf/0.1/Person"}},{"triple":{"subject":"/sample-data/data-1426.json","predicate":"http://xmlns.com/foaf/0.1/knows","object":"/sample-data/data-2870.json"}},{"triple":{"subject":"/sample-data/data-1426.json","predicate":"http://xmlns.com/foaf/0.1/knows","object":"/sample-data/data-750.json"}},{"triple":{"subject":"/sample-data/data-1426.json","predicate":"http://xmlns.com/foaf/0.1/knows","object":"/sample-data/data-2633.json"}}]}