{"_id":"55ee5e445fefc24ed2194cc7","index":1404,"guid":"24f9db2a-757f-4863-87f1-b9c4fab4b873","isActive":false,"balance":"$22,929.25","picture":"http://placehold.it/32x32","age":52,"eyeColor":"green","name":"Gale Stewart","gender":"female","company":"FIBEROX","email":"galestewart@fiberox.com","phone":"+1 (979) 445-3185","address":"876 Williams Place, Russellville, Oregon, 2060","about":"Nulla aliquip nulla in consectetur consectetur Lorem irure aute consectetur fugiat adipisicing consequat tempor consectetur. Do id voluptate Lorem enim velit sint ipsum. Adipisicing irure pariatur anim adipisicing. Sit ipsum esse id consectetur aliquip laboris in mollit id anim aliqua eu proident consequat. Ut amet qui voluptate Lorem id adipisicing minim eu. Et incididunt aute amet culpa. Veniam quis qui quis culpa duis.\r\n","registered":"2015-03-22T07:05:50 -07:00","tags":["ad","amet","mollit","ad","anim","enim","sunt"],"friends":[{"id":0,"name":"Deirdre Parsons"},{"id":1,"name":"Liz Carey"},{"id":2,"name":"Clara Marquez"}],"greeting":"Hello, Gale Stewart! You have 4 unread messages.","favoriteFruit":"apple","location":{"latitude":10.355998,"longitude":-40.873167},"docFormat":"json","triples":[{"triple":{"subject":"/sample-data/data-1404.json","predicate":"http://www.w3.org/2000/01/rdf-schema#label","object":"Gale Stewart"}},{"triple":{"subject":"/sample-data/data-1404.json","predicate":"http://www.w3.org/1999/02/22-rdf-syntax-ns#type","object":"http://xmlns.com/foaf/0.1/Person"}},{"triple":{"subject":"/sample-data/data-1404.json","predicate":"http://xmlns.com/foaf/0.1/knows","object":"/sample-data/data-2827.json"}},{"triple":{"subject":"/sample-data/data-1404.json","predicate":"http://xmlns.com/foaf/0.1/knows","object":"/sample-data/data-1700.json"}},{"triple":{"subject":"/sample-data/data-1404.json","predicate":"http://xmlns.com/foaf/0.1/knows","object":"/sample-data/data-1235.json"}}]}