{"_id":"55ee5e448eb567af2faeeca5","index":1441,"guid":"73544bce-f578-42f3-a9cc-8cd670e104b6","isActive":true,"balance":"$63,196.69","picture":"http://placehold.it/32x32","age":30,"eyeColor":"green","name":"Reva Rhodes","gender":"female","company":"DOGNOST","email":"revarhodes@dognost.com","phone":"+1 (892) 590-2917","address":"274 Lewis Avenue, Rehrersburg, South Carolina, 3588","about":"Voluptate eu est sit veniam aute eiusmod. Pariatur exercitation aliqua adipisicing dolor sit velit est occaecat consectetur occaecat eu excepteur fugiat cillum. Laboris exercitation anim aute non occaecat nulla reprehenderit.\r\n","registered":"2014-09-15T02:56:42 -07:00","tags":["aliqua","commodo","ut","veniam","Lorem","est","reprehenderit"],"friends":[{"id":0,"name":"Alyssa Frost"},{"id":1,"name":"Tami Aguilar"},{"id":2,"name":"Hattie Nichols"}],"greeting":"Hello, Reva Rhodes! You have 2 unread messages.","favoriteFruit":"orange","location":{"latitude":23.662462,"longitude":-93.961624},"docFormat":"json","triples":[{"triple":{"subject":"/sample-data/data-1441.json","predicate":"http://www.w3.org/2000/01/rdf-schema#label","object":"Reva Rhodes"}},{"triple":{"subject":"/sample-data/data-1441.json","predicate":"http://www.w3.org/1999/02/22-rdf-syntax-ns#type","object":"http://xmlns.com/foaf/0.1/Person"}},{"triple":{"subject":"/sample-data/data-1441.json","predicate":"http://xmlns.com/foaf/0.1/knows","object":"/sample-data/data-2645.json"}},{"triple":{"subject":"/sample-data/data-1441.json","predicate":"http://xmlns.com/foaf/0.1/knows","object":"/sample-data/data-37.json"}},{"triple":{"subject":"/sample-data/data-1441.json","predicate":"http://xmlns.com/foaf/0.1/knows","object":"/sample-data/data-1528.json"}}]}