{"_id":"55ee5e447a082242c646dc38","index":104,"guid":"1782c65a-9f27-4e8d-a561-f3a4be093118","isActive":false,"balance":"$53,617.54","picture":"http://placehold.it/32x32","age":55,"eyeColor":"blue","name":"Bailey Merritt","gender":"male","company":"GLOBOIL","email":"baileymerritt@globoil.com","phone":"+1 (837) 551-3919","address":"411 Mill Lane, Beaulieu, Kentucky, 6013","about":"Sunt non laborum nisi nulla irure amet ex amet laboris ut incididunt dolor minim laborum. Veniam esse quis nisi aliquip aute irure laborum labore esse. Tempor ullamco duis quis quis id mollit esse officia qui enim.\r\n","registered":"2015-06-22T09:15:14 -07:00","tags":["et","aliquip","ipsum","ipsum","culpa","eu","nisi"],"friends":[{"id":0,"name":"Flora Russo"},{"id":1,"name":"Downs Blankenship"},{"id":2,"name":"Ericka Craft"}],"greeting":"Hello, Bailey Merritt! You have 4 unread messages.","favoriteFruit":"pear","location":{"latitude":-24.998379,"longitude":-131.431966},"docFormat":"json","triples":[{"triple":{"subject":"/sample-data/data-104.json","predicate":"http://www.w3.org/2000/01/rdf-schema#label","object":"Bailey Merritt"}},{"triple":{"subject":"/sample-data/data-104.json","predicate":"http://www.w3.org/1999/02/22-rdf-syntax-ns#type","object":"http://xmlns.com/foaf/0.1/Person"}},{"triple":{"subject":"/sample-data/data-104.json","predicate":"http://xmlns.com/foaf/0.1/knows","object":"/sample-data/data-507.json"}},{"triple":{"subject":"/sample-data/data-104.json","predicate":"http://xmlns.com/foaf/0.1/knows","object":"/sample-data/data-665.json"}},{"triple":{"subject":"/sample-data/data-104.json","predicate":"http://xmlns.com/foaf/0.1/knows","object":"/sample-data/data-823.json"}}]}