{"_id":"55ee5e44fbc84294a83984b8","index":1343,"guid":"ef808584-5993-410c-9f5e-78dcb1124bea","isActive":false,"balance":"$96,865.66","picture":"http://placehold.it/32x32","age":29,"eyeColor":"blue","name":"Clare Larson","gender":"female","company":"IMANT","email":"clarelarson@imant.com","phone":"+1 (880) 518-2162","address":"620 Brooklyn Road, Hiseville, Florida, 1792","about":"Reprehenderit voluptate duis deserunt minim ad. Reprehenderit culpa adipisicing cupidatat in Lorem dolor dolore ad minim ex exercitation adipisicing eu. Reprehenderit enim deserunt irure dolor commodo adipisicing id excepteur nostrud deserunt. Nostrud in qui laborum proident aute do aliquip. Voluptate ullamco deserunt id velit veniam. Mollit reprehenderit sunt reprehenderit exercitation exercitation nisi occaecat aliqua veniam exercitation reprehenderit.\r\n","registered":"2014-02-25T03:14:59 -07:00","tags":["id","aliquip","quis","adipisicing","minim","nisi","ut"],"friends":[{"id":0,"name":"Griffin Hale"},{"id":1,"name":"Blanche Hoffman"},{"id":2,"name":"Luisa Bullock"}],"greeting":"Hello, Clare Larson! You have 9 unread messages.","favoriteFruit":"strawberry","location":{"latitude":-60.837204,"longitude":155.113355},"docFormat":"json","triples":[{"triple":{"subject":"/sample-data/data-1343.json","predicate":"http://www.w3.org/2000/01/rdf-schema#label","object":"Clare Larson"}},{"triple":{"subject":"/sample-data/data-1343.json","predicate":"http://www.w3.org/1999/02/22-rdf-syntax-ns#type","object":"http://xmlns.com/foaf/0.1/Person"}},{"triple":{"subject":"/sample-data/data-1343.json","predicate":"http://xmlns.com/foaf/0.1/knows","object":"/sample-data/data-2056.json"}},{"triple":{"subject":"/sample-data/data-1343.json","predicate":"http://xmlns.com/foaf/0.1/knows","object":"/sample-data/data-2825.json"}},{"triple":{"subject":"/sample-data/data-1343.json","predicate":"http://xmlns.com/foaf/0.1/knows","object":"/sample-data/data-2955.json"}}]}