{"_id":"55ee5e44cf8d4a1d998908b6","index":1138,"guid":"ff590936-c6d0-4cad-9caf-d6bd2b4e67cb","isActive":false,"balance":"$5,330.92","picture":"http://placehold.it/32x32","age":44,"eyeColor":"brown","name":"Hyde Dodson","gender":"male","company":"IZZBY","email":"hydedodson@izzby.com","phone":"+1 (952) 416-3026","address":"884 River Street, Craig, Nebraska, 8150","about":"Nulla aliqua irure exercitation sunt consequat et incididunt aliqua cillum. Tempor in aliquip duis anim. Id occaecat fugiat ad commodo proident dolor eiusmod elit aute aute magna velit. Commodo Lorem laborum dolore laboris amet ad. Adipisicing mollit duis do ea ea.\r\n","registered":"2014-11-21T11:07:04 -07:00","tags":["ex","tempor","ea","id","cillum","reprehenderit","ad"],"friends":[{"id":0,"name":"Kayla Richard"},{"id":1,"name":"Lindsay Craig"},{"id":2,"name":"Pratt Simpson"}],"greeting":"Hello, Hyde Dodson! You have 9 unread messages.","favoriteFruit":"strawberry","location":{"latitude":-78.198201,"longitude":-164.437847},"docFormat":"json","triples":[{"triple":{"subject":"/sample-data/data-1138.json","predicate":"http://www.w3.org/2000/01/rdf-schema#label","object":"Hyde Dodson"}},{"triple":{"subject":"/sample-data/data-1138.json","predicate":"http://www.w3.org/1999/02/22-rdf-syntax-ns#type","object":"http://xmlns.com/foaf/0.1/Person"}},{"triple":{"subject":"/sample-data/data-1138.json","predicate":"http://xmlns.com/foaf/0.1/knows","object":"/sample-data/data-1551.json"}},{"triple":{"subject":"/sample-data/data-1138.json","predicate":"http://xmlns.com/foaf/0.1/knows","object":"/sample-data/data-1086.json"}},{"triple":{"subject":"/sample-data/data-1138.json","predicate":"http://xmlns.com/foaf/0.1/knows","object":"/sample-data/data-337.json"}}]}