{"_id":"55ee5e44b6da06d6a55468e3","index":1332,"guid":"dc6d7bd0-9670-42f6-bc30-257d33269f16","isActive":true,"balance":"$35,186.53","picture":"http://placehold.it/32x32","age":26,"eyeColor":"green","name":"Winifred Willis","gender":"female","company":"GINKLE","email":"winifredwillis@ginkle.com","phone":"+1 (881) 540-2286","address":"735 Oak Street, Emory, Virgin Islands, 3342","about":"Eu labore consectetur et cillum. Id nisi consequat est consequat incididunt fugiat culpa minim. Consequat minim nisi qui eu ea sunt. Dolor ullamco Lorem incididunt ex in.\r\n","registered":"2014-09-07T12:06:27 -07:00","tags":["laboris","aliquip","laboris","ut","exercitation","voluptate","eiusmod"],"friends":[{"id":0,"name":"Esperanza Vasquez"},{"id":1,"name":"Cole Melendez"},{"id":2,"name":"Dixon Serrano"}],"greeting":"Hello, Winifred Willis! You have 2 unread messages.","favoriteFruit":"banana","location":{"latitude":11.795411,"longitude":-14.665863},"docFormat":"json","triples":[{"triple":{"subject":"/sample-data/data-1332.json","predicate":"http://www.w3.org/2000/01/rdf-schema#label","object":"Winifred Willis"}},{"triple":{"subject":"/sample-data/data-1332.json","predicate":"http://www.w3.org/1999/02/22-rdf-syntax-ns#type","object":"http://xmlns.com/foaf/0.1/Person"}},{"triple":{"subject":"/sample-data/data-1332.json","predicate":"http://xmlns.com/foaf/0.1/knows","object":"/sample-data/data-1070.json"}},{"triple":{"subject":"/sample-data/data-1332.json","predicate":"http://xmlns.com/foaf/0.1/knows","object":"/sample-data/data-2999.json"}},{"triple":{"subject":"/sample-data/data-1332.json","predicate":"http://xmlns.com/foaf/0.1/knows","object":"/sample-data/data-1447.json"}}]}