{"_id":"55ee5e44f9dfab2291224216","index":1269,"guid":"48b0eaa8-8c34-46b4-8aa6-4754b6bf0317","isActive":false,"balance":"$30,572.76","picture":"http://placehold.it/32x32","age":60,"eyeColor":"brown","name":"Schroeder Flynn","gender":"male","company":"PAPRIKUT","email":"schroederflynn@paprikut.com","phone":"+1 (851) 400-3446","address":"815 Montgomery Street, Basye, Palau, 471","about":"Consequat cupidatat ipsum id aliquip commodo est laborum laboris dolor. Sit elit eiusmod ullamco ullamco occaecat cillum pariatur. Consectetur minim deserunt tempor dolor officia velit aliqua. Mollit aliquip cillum officia minim adipisicing in aliquip. Consectetur occaecat tempor occaecat commodo culpa proident dolor velit excepteur. Id amet proident commodo ullamco. Culpa ex ex labore Lorem id Lorem non consequat culpa minim proident qui culpa laborum.\r\n","registered":"2014-03-25T07:14:20 -07:00","tags":["quis","nulla","amet","sit","exercitation","aute","ipsum"],"friends":[{"id":0,"name":"Joni Wood"},{"id":1,"name":"Hodge Spencer"},{"id":2,"name":"Francisca Acosta"}],"greeting":"Hello, Schroeder Flynn! You have 6 unread messages.","favoriteFruit":"apple","location":{"latitude":-85.362384,"longitude":-24.043459},"docFormat":"json","triples":[{"triple":{"subject":"/sample-data/data-1269.json","predicate":"http://www.w3.org/2000/01/rdf-schema#label","object":"Schroeder Flynn"}},{"triple":{"subject":"/sample-data/data-1269.json","predicate":"http://www.w3.org/1999/02/22-rdf-syntax-ns#type","object":"http://xmlns.com/foaf/0.1/Person"}},{"triple":{"subject":"/sample-data/data-1269.json","predicate":"http://xmlns.com/foaf/0.1/knows","object":"/sample-data/data-1215.json"}},{"triple":{"subject":"/sample-data/data-1269.json","predicate":"http://xmlns.com/foaf/0.1/knows","object":"/sample-data/data-1520.json"}},{"triple":{"subject":"/sample-data/data-1269.json","predicate":"http://xmlns.com/foaf/0.1/knows","object":"/sample-data/data-597.json"}}]}