{"_id":"55ee5e44b97f9b71279f63b6","index":1407,"guid":"e80456f0-2aca-40d8-8b1d-49f9d415c900","isActive":false,"balance":"$13,035.86","picture":"http://placehold.it/32x32","age":70,"eyeColor":"brown","name":"Harper Weeks","gender":"male","company":"ENTHAZE","email":"harperweeks@enthaze.com","phone":"+1 (969) 437-3864","address":"940 Kiely Place, Edenburg, South Dakota, 9048","about":"Ex nostrud in et adipisicing aliquip pariatur exercitation ipsum. Duis ut aliqua ex sint irure excepteur excepteur cillum reprehenderit deserunt. Irure cupidatat dolor irure magna est ut.\r\n","registered":"2014-03-23T04:54:55 -07:00","tags":["velit","culpa","esse","consequat","velit","irure","sunt"],"friends":[{"id":0,"name":"Sylvia Mcdonald"},{"id":1,"name":"Alyson Flores"},{"id":2,"name":"Mariana House"}],"greeting":"Hello, Harper Weeks! You have 2 unread messages.","favoriteFruit":"banana","location":{"latitude":48.058418,"longitude":86.614771},"docFormat":"json","triples":[{"triple":{"subject":"/sample-data/data-1407.json","predicate":"http://www.w3.org/2000/01/rdf-schema#label","object":"Harper Weeks"}},{"triple":{"subject":"/sample-data/data-1407.json","predicate":"http://www.w3.org/1999/02/22-rdf-syntax-ns#type","object":"http://xmlns.com/foaf/0.1/Person"}},{"triple":{"subject":"/sample-data/data-1407.json","predicate":"http://xmlns.com/foaf/0.1/knows","object":"/sample-data/data-819.json"}},{"triple":{"subject":"/sample-data/data-1407.json","predicate":"http://xmlns.com/foaf/0.1/knows","object":"/sample-data/data-1658.json"}},{"triple":{"subject":"/sample-data/data-1407.json","predicate":"http://xmlns.com/foaf/0.1/knows","object":"/sample-data/data-2490.json"}}]}