{"_id":"55ee5e44274f759d53d48726","index":1245,"guid":"ab94ec81-d238-42b8-aa66-ba7d0230e755","isActive":false,"balance":"$52,439.55","picture":"http://placehold.it/32x32","age":23,"eyeColor":"green","name":"Martina Brady","gender":"female","company":"NIMON","email":"martinabrady@nimon.com","phone":"+1 (990) 571-2565","address":"781 Barlow Drive, Marbury, Hawaii, 4902","about":"Ullamco fugiat anim aliqua eiusmod qui do cillum ullamco sint nulla. Irure excepteur incididunt ut eiusmod sunt sunt consectetur. Voluptate commodo officia elit culpa cupidatat commodo ullamco pariatur. Quis id duis do tempor. Exercitation reprehenderit esse dolore adipisicing aliquip et sit id amet consequat non est id enim.\r\n","registered":"2015-05-29T03:09:44 -07:00","tags":["culpa","eiusmod","consequat","velit","exercitation","dolor","voluptate"],"friends":[{"id":0,"name":"Myrna Brennan"},{"id":1,"name":"Hamilton George"},{"id":2,"name":"Meyers Mcmillan"}],"greeting":"Hello, Martina Brady! You have 5 unread messages.","favoriteFruit":"strawberry","location":{"latitude":42.427257,"longitude":160.537395},"docFormat":"json","triples":[{"triple":{"subject":"/sample-data/data-1245.json","predicate":"http://www.w3.org/2000/01/rdf-schema#label","object":"Martina Brady"}},{"triple":{"subject":"/sample-data/data-1245.json","predicate":"http://www.w3.org/1999/02/22-rdf-syntax-ns#type","object":"http://xmlns.com/foaf/0.1/Person"}},{"triple":{"subject":"/sample-data/data-1245.json","predicate":"http://xmlns.com/foaf/0.1/knows","object":"/sample-data/data-441.json"}},{"triple":{"subject":"/sample-data/data-1245.json","predicate":"http://xmlns.com/foaf/0.1/knows","object":"/sample-data/data-1055.json"}},{"triple":{"subject":"/sample-data/data-1245.json","predicate":"http://xmlns.com/foaf/0.1/knows","object":"/sample-data/data-1321.json"}}]}