{"_id":"55ee5e44aa55dd4411e15aa2","index":1123,"guid":"7f81598d-2f0b-4813-88cd-0b2aa3ba835a","isActive":false,"balance":"$8,290.90","picture":"http://placehold.it/32x32","age":60,"eyeColor":"brown","name":"Gayle Coleman","gender":"female","company":"IMAGEFLOW","email":"gaylecoleman@imageflow.com","phone":"+1 (852) 594-3332","address":"170 Clara Street, Canterwood, Guam, 6844","about":"Aliquip nulla sunt deserunt nulla qui deserunt sint aute quis et. Eu duis non commodo nostrud aliquip ex laborum laboris sunt adipisicing amet deserunt do. Incididunt consequat veniam velit sint pariatur incididunt amet occaecat pariatur ipsum voluptate minim reprehenderit. Commodo pariatur veniam mollit duis quis sunt labore ea cupidatat laboris occaecat occaecat. Cupidatat enim irure sunt laboris ea id occaecat culpa velit laboris proident ex.\r\n","registered":"2015-06-01T09:21:02 -07:00","tags":["ad","ullamco","sunt","elit","est","sunt","eiusmod"],"friends":[{"id":0,"name":"Garza Middleton"},{"id":1,"name":"Boone Robinson"},{"id":2,"name":"Koch Combs"}],"greeting":"Hello, Gayle Coleman! You have 9 unread messages.","favoriteFruit":"banana","location":{"latitude":-49.80035,"longitude":118.207348},"docFormat":"json","triples":[{"triple":{"subject":"/sample-data/data-1123.json","predicate":"http://www.w3.org/2000/01/rdf-schema#label","object":"Gayle Coleman"}},{"triple":{"subject":"/sample-data/data-1123.json","predicate":"http://www.w3.org/1999/02/22-rdf-syntax-ns#type","object":"http://xmlns.com/foaf/0.1/Person"}},{"triple":{"subject":"/sample-data/data-1123.json","predicate":"http://xmlns.com/foaf/0.1/knows","object":"/sample-data/data-1596.json"}},{"triple":{"subject":"/sample-data/data-1123.json","predicate":"http://xmlns.com/foaf/0.1/knows","object":"/sample-data/data-1048.json"}},{"triple":{"subject":"/sample-data/data-1123.json","predicate":"http://xmlns.com/foaf/0.1/knows","object":"/sample-data/data-556.json"}}]}