{"_id":"55ee5e44af046e4e7adeee25","index":1391,"guid":"6e4b164e-977f-49d6-b112-595228175eb7","isActive":false,"balance":"$55,332.67","picture":"http://placehold.it/32x32","age":29,"eyeColor":"green","name":"Corinne Rocha","gender":"female","company":"ACUSAGE","email":"corinnerocha@acusage.com","phone":"+1 (966) 540-2854","address":"495 Imlay Street, Dixonville, Pennsylvania, 2425","about":"Eu elit sunt est consectetur elit ad ad. Nulla ex in ut in excepteur aliqua enim officia excepteur esse esse Lorem mollit dolore. Nisi laborum Lorem nulla nulla aute eiusmod sunt eiusmod dolore ea reprehenderit officia mollit. Aliqua laboris ea pariatur fugiat sunt officia reprehenderit aute commodo ad. Proident incididunt officia veniam sunt mollit in laboris Lorem. Commodo esse quis commodo voluptate minim ipsum culpa cupidatat do dolor. Commodo aute duis voluptate esse adipisicing.\r\n","registered":"2014-08-02T12:28:00 -07:00","tags":["voluptate","ullamco","id","laborum","irure","quis","exercitation"],"friends":[{"id":0,"name":"Alma Watts"},{"id":1,"name":"Meredith Yang"},{"id":2,"name":"Wheeler Lott"}],"greeting":"Hello, Corinne Rocha! You have 2 unread messages.","favoriteFruit":"banana","location":{"latitude":-81.947948,"longitude":-14.271489},"docFormat":"json","triples":[{"triple":{"subject":"/sample-data/data-1391.json","predicate":"http://www.w3.org/2000/01/rdf-schema#label","object":"Corinne Rocha"}},{"triple":{"subject":"/sample-data/data-1391.json","predicate":"http://www.w3.org/1999/02/22-rdf-syntax-ns#type","object":"http://xmlns.com/foaf/0.1/Person"}},{"triple":{"subject":"/sample-data/data-1391.json","predicate":"http://xmlns.com/foaf/0.1/knows","object":"/sample-data/data-2687.json"}},{"triple":{"subject":"/sample-data/data-1391.json","predicate":"http://xmlns.com/foaf/0.1/knows","object":"/sample-data/data-2672.json"}},{"triple":{"subject":"/sample-data/data-1391.json","predicate":"http://xmlns.com/foaf/0.1/knows","object":"/sample-data/data-1382.json"}}]}