{"_id":"55ee5e4400119ef6e0fa4573","index":1257,"guid":"ab15b607-5b26-49fa-8191-ffcc9a016dab","isActive":false,"balance":"$74,032.29","picture":"http://placehold.it/32x32","age":51,"eyeColor":"green","name":"Riley Merrill","gender":"male","company":"IMKAN","email":"rileymerrill@imkan.com","phone":"+1 (813) 578-2049","address":"309 Walker Court, Goldfield, Puerto Rico, 3832","about":"Veniam anim nisi adipisicing Lorem incididunt fugiat qui consectetur mollit ad eiusmod nulla. Proident sit voluptate reprehenderit cillum commodo aute duis consequat tempor ipsum irure duis minim cillum. Elit est laboris ullamco ullamco laboris enim. Qui laborum sit non voluptate eu aliqua minim elit nisi labore minim dolore voluptate consequat. Fugiat fugiat in consequat velit occaecat reprehenderit magna ad consequat do labore nulla dolor. Anim aliqua officia incididunt ullamco consequat mollit officia. Non do magna nostrud ex.\r\n","registered":"2014-09-09T10:42:44 -07:00","tags":["culpa","labore","eu","irure","velit","incididunt","eu"],"friends":[{"id":0,"name":"Lewis Carrillo"},{"id":1,"name":"Amelia Houston"},{"id":2,"name":"Booker Valentine"}],"greeting":"Hello, Riley Merrill! You have 5 unread messages.","favoriteFruit":"strawberry","location":{"latitude":27.89402,"longitude":149.494014},"docFormat":"json","triples":[{"triple":{"subject":"/sample-data/data-1257.json","predicate":"http://www.w3.org/2000/01/rdf-schema#label","object":"Riley Merrill"}},{"triple":{"subject":"/sample-data/data-1257.json","predicate":"http://www.w3.org/1999/02/22-rdf-syntax-ns#type","object":"http://xmlns.com/foaf/0.1/Person"}},{"triple":{"subject":"/sample-data/data-1257.json","predicate":"http://xmlns.com/foaf/0.1/knows","object":"/sample-data/data-1375.json"}},{"triple":{"subject":"/sample-data/data-1257.json","predicate":"http://xmlns.com/foaf/0.1/knows","object":"/sample-data/data-1267.json"}},{"triple":{"subject":"/sample-data/data-1257.json","predicate":"http://xmlns.com/foaf/0.1/knows","object":"/sample-data/data-2786.json"}}]}