{"_id":"55ee5e448109634c89688c99","index":1252,"guid":"f6fcadbc-6dda-4a1a-b743-112d2e6c755d","isActive":false,"balance":"$47,813.88","picture":"http://placehold.it/32x32","age":54,"eyeColor":"brown","name":"Gina Mosley","gender":"female","company":"MIXERS","email":"ginamosley@mixers.com","phone":"+1 (851) 576-3965","address":"444 Irvington Place, Savannah, Idaho, 874","about":"Quis adipisicing eu voluptate sunt dolore reprehenderit in ut eu tempor dolor dolor. Pariatur eu ea occaecat anim et nulla. Et ipsum deserunt officia magna id ea laborum aliquip esse et sint et nostrud. Nisi nostrud sunt sunt consectetur consectetur commodo et adipisicing quis reprehenderit commodo sunt. Reprehenderit veniam aliqua consectetur adipisicing ex culpa ipsum laboris quis et laboris exercitation dolor cupidatat. Quis pariatur amet ad ex enim incididunt do in nostrud.\r\n","registered":"2014-06-24T11:29:36 -07:00","tags":["cupidatat","velit","officia","deserunt","ex","esse","tempor"],"friends":[{"id":0,"name":"Lola Frye"},{"id":1,"name":"Stone Wilson"},{"id":2,"name":"Craft Conley"}],"greeting":"Hello, Gina Mosley! You have 2 unread messages.","favoriteFruit":"strawberry","location":{"latitude":-61.283071,"longitude":-30.362899},"docFormat":"json","triples":[{"triple":{"subject":"/sample-data/data-1252.json","predicate":"http://www.w3.org/2000/01/rdf-schema#label","object":"Gina Mosley"}},{"triple":{"subject":"/sample-data/data-1252.json","predicate":"http://www.w3.org/1999/02/22-rdf-syntax-ns#type","object":"http://xmlns.com/foaf/0.1/Person"}},{"triple":{"subject":"/sample-data/data-1252.json","predicate":"http://xmlns.com/foaf/0.1/knows","object":"/sample-data/data-475.json"}},{"triple":{"subject":"/sample-data/data-1252.json","predicate":"http://xmlns.com/foaf/0.1/knows","object":"/sample-data/data-2981.json"}},{"triple":{"subject":"/sample-data/data-1252.json","predicate":"http://xmlns.com/foaf/0.1/knows","object":"/sample-data/data-514.json"}}]}