{"_id":"55ee5e44da0d8166b7bb613e","index":1061,"guid":"87383b5e-4e85-44d5-856b-8d2cf7a503d2","isActive":true,"balance":"$58,192.50","picture":"http://placehold.it/32x32","age":24,"eyeColor":"brown","name":"Callahan Odom","gender":"male","company":"VELOS","email":"callahanodom@velos.com","phone":"+1 (846) 590-2956","address":"703 Banner Avenue, Allison, West Virginia, 382","about":"Commodo ut proident exercitation excepteur magna. Cupidatat culpa est nulla sunt fugiat aliqua aliqua velit culpa labore irure magna minim. Incididunt pariatur consequat sint consequat sit aliquip. Amet enim irure id laboris enim cupidatat mollit deserunt ipsum mollit. Officia eu ea nulla cillum veniam ea elit minim elit do ut in. Reprehenderit laborum elit laborum adipisicing dolor occaecat dolore.\r\n","registered":"2015-07-16T03:04:14 -07:00","tags":["aute","deserunt","nisi","non","duis","quis","mollit"],"friends":[{"id":0,"name":"Brittney Faulkner"},{"id":1,"name":"Ingrid Dyer"},{"id":2,"name":"Griffith Duffy"}],"greeting":"Hello, Callahan Odom! You have 10 unread messages.","favoriteFruit":"banana","location":{"latitude":-44.873623,"longitude":-33.782754},"docFormat":"json","triples":[{"triple":{"subject":"/sample-data/data-1061.json","predicate":"http://www.w3.org/2000/01/rdf-schema#label","object":"Callahan Odom"}},{"triple":{"subject":"/sample-data/data-1061.json","predicate":"http://www.w3.org/1999/02/22-rdf-syntax-ns#type","object":"http://xmlns.com/foaf/0.1/Person"}},{"triple":{"subject":"/sample-data/data-1061.json","predicate":"http://xmlns.com/foaf/0.1/knows","object":"/sample-data/data-2149.json"}},{"triple":{"subject":"/sample-data/data-1061.json","predicate":"http://xmlns.com/foaf/0.1/knows","object":"/sample-data/data-1313.json"}},{"triple":{"subject":"/sample-data/data-1061.json","predicate":"http://xmlns.com/foaf/0.1/knows","object":"/sample-data/data-642.json"}}]}