{"_id":"55ee5e44db814159121bbf74","index":1112,"guid":"deb0f3a6-9708-4790-b654-d1b6a5567f11","isActive":true,"balance":"$75,847.76","picture":"http://placehold.it/32x32","age":38,"eyeColor":"brown","name":"Shelia Livingston","gender":"female","company":"TECHTRIX","email":"shelialivingston@techtrix.com","phone":"+1 (922) 491-3770","address":"617 Kingsway Place, Groton, Vermont, 3492","about":"Ex ullamco velit amet id deserunt. Mollit eu do pariatur deserunt nisi pariatur elit exercitation incididunt. Non esse anim irure adipisicing. Mollit ad do proident proident enim exercitation veniam elit proident sit sunt. Nulla dolore magna irure ut aute aliquip enim sint qui nostrud. Cillum exercitation laboris Lorem id occaecat qui sint laboris.\r\n","registered":"2015-04-21T06:05:53 -07:00","tags":["minim","exercitation","incididunt","proident","in","nulla","sunt"],"friends":[{"id":0,"name":"Moody Sutton"},{"id":1,"name":"Roxanne Wall"},{"id":2,"name":"Rosemary Odonnell"}],"greeting":"Hello, Shelia Livingston! You have 3 unread messages.","favoriteFruit":"orange","location":{"latitude":-42.828387,"longitude":-160.458092},"docFormat":"json","triples":[{"triple":{"subject":"/sample-data/data-1112.json","predicate":"http://www.w3.org/2000/01/rdf-schema#label","object":"Shelia Livingston"}},{"triple":{"subject":"/sample-data/data-1112.json","predicate":"http://www.w3.org/1999/02/22-rdf-syntax-ns#type","object":"http://xmlns.com/foaf/0.1/Person"}},{"triple":{"subject":"/sample-data/data-1112.json","predicate":"http://xmlns.com/foaf/0.1/knows","object":"/sample-data/data-1289.json"}},{"triple":{"subject":"/sample-data/data-1112.json","predicate":"http://xmlns.com/foaf/0.1/knows","object":"/sample-data/data-188.json"}},{"triple":{"subject":"/sample-data/data-1112.json","predicate":"http://xmlns.com/foaf/0.1/knows","object":"/sample-data/data-2252.json"}}]}