{"_id":"55ee5e44db3a5018ddd76b81","index":1374,"guid":"bbb7d5d0-8226-4413-a4d2-8f4a604d393a","isActive":false,"balance":"$10,683.92","picture":"http://placehold.it/32x32","age":46,"eyeColor":"blue","name":"Mckinney Palmer","gender":"male","company":"OCEANICA","email":"mckinneypalmer@oceanica.com","phone":"+1 (979) 462-3886","address":"212 Eagle Street, Edgar, American Samoa, 9099","about":"Nisi tempor aliqua reprehenderit deserunt occaecat labore ad ut proident dolor aliquip pariatur. Eu excepteur fugiat occaecat Lorem officia mollit non dolore ullamco non. Ex qui officia enim nostrud proident Lorem est incididunt eiusmod voluptate. Aute id deserunt nulla voluptate. Veniam pariatur id fugiat voluptate commodo irure labore adipisicing adipisicing.\r\n","registered":"2014-01-10T04:42:41 -07:00","tags":["ut","culpa","non","elit","fugiat","excepteur","culpa"],"friends":[{"id":0,"name":"Brandi Clay"},{"id":1,"name":"April Delaney"},{"id":2,"name":"Vargas Reed"}],"greeting":"Hello, Mckinney Palmer! You have 7 unread messages.","favoriteFruit":"strawberry","location":{"latitude":-27.709396,"longitude":-50.716671},"docFormat":"json","triples":[{"triple":{"subject":"/sample-data/data-1374.json","predicate":"http://www.w3.org/2000/01/rdf-schema#label","object":"Mckinney Palmer"}},{"triple":{"subject":"/sample-data/data-1374.json","predicate":"http://www.w3.org/1999/02/22-rdf-syntax-ns#type","object":"http://xmlns.com/foaf/0.1/Person"}},{"triple":{"subject":"/sample-data/data-1374.json","predicate":"http://xmlns.com/foaf/0.1/knows","object":"/sample-data/data-1229.json"}},{"triple":{"subject":"/sample-data/data-1374.json","predicate":"http://xmlns.com/foaf/0.1/knows","object":"/sample-data/data-2959.json"}},{"triple":{"subject":"/sample-data/data-1374.json","predicate":"http://xmlns.com/foaf/0.1/knows","object":"/sample-data/data-676.json"}}]}