{"_id":"55ee5e4470ff72ac86d008cc","index":1370,"guid":"07929563-1ded-41f1-a7c1-33234d49015b","isActive":true,"balance":"$13,487.99","picture":"http://placehold.it/32x32","age":36,"eyeColor":"green","name":"Cassandra Farley","gender":"female","company":"OTHERWAY","email":"cassandrafarley@otherway.com","phone":"+1 (973) 483-3791","address":"770 Malbone Street, Wollochet, Nebraska, 2623","about":"Nostrud ut nisi sint ut esse aute ex mollit elit ad qui id sint culpa. Sit occaecat excepteur proident occaecat aliquip. Elit in do duis nostrud. Sit id eu reprehenderit anim elit sint amet adipisicing. Mollit voluptate sunt non Lorem sit culpa ipsum reprehenderit est enim. Commodo officia duis nisi ea aliquip eiusmod reprehenderit nulla.\r\n","registered":"2014-12-17T04:44:26 -07:00","tags":["Lorem","eiusmod","mollit","aute","labore","est","laborum"],"friends":[{"id":0,"name":"Debora Marks"},{"id":1,"name":"Ross Salinas"},{"id":2,"name":"Barber Oneal"}],"greeting":"Hello, Cassandra Farley! You have 5 unread messages.","favoriteFruit":"orange","location":{"latitude":89.95429,"longitude":-7.36037},"docFormat":"json","triples":[{"triple":{"subject":"/sample-data/data-1370.json","predicate":"http://www.w3.org/2000/01/rdf-schema#label","object":"Cassandra Farley"}},{"triple":{"subject":"/sample-data/data-1370.json","predicate":"http://www.w3.org/1999/02/22-rdf-syntax-ns#type","object":"http://xmlns.com/foaf/0.1/Person"}},{"triple":{"subject":"/sample-data/data-1370.json","predicate":"http://xmlns.com/foaf/0.1/knows","object":"/sample-data/data-643.json"}},{"triple":{"subject":"/sample-data/data-1370.json","predicate":"http://xmlns.com/foaf/0.1/knows","object":"/sample-data/data-530.json"}},{"triple":{"subject":"/sample-data/data-1370.json","predicate":"http://xmlns.com/foaf/0.1/knows","object":"/sample-data/data-593.json"}}]}