{"_id":"55ee5e4479c94d74fb8d3c06","index":1427,"guid":"6ee523f2-7279-4e10-a51f-04beec5a364c","isActive":true,"balance":"$2,095.27","picture":"http://placehold.it/32x32","age":50,"eyeColor":"blue","name":"Villarreal Sullivan","gender":"male","company":"DECRATEX","email":"villarrealsullivan@decratex.com","phone":"+1 (945) 589-3658","address":"221 Ridge Court, Omar, Rhode Island, 3341","about":"Nisi cupidatat dolore in ullamco elit exercitation. Anim duis culpa excepteur sunt occaecat id consectetur tempor nulla dolore laborum ullamco. Anim officia aliqua aliquip ea veniam est exercitation. Do eiusmod exercitation non occaecat do nisi exercitation cillum non in. Fugiat reprehenderit deserunt culpa esse occaecat elit.\r\n","registered":"2015-06-14T02:58:24 -07:00","tags":["aliquip","veniam","deserunt","voluptate","veniam","non","dolore"],"friends":[{"id":0,"name":"Elba Green"},{"id":1,"name":"Kasey Mcclure"},{"id":2,"name":"Ramirez Hall"}],"greeting":"Hello, Villarreal Sullivan! You have 1 unread messages.","favoriteFruit":"orange","location":{"latitude":-43.82638,"longitude":-103.94529},"docFormat":"json","triples":[{"triple":{"subject":"/sample-data/data-1427.json","predicate":"http://www.w3.org/2000/01/rdf-schema#label","object":"Villarreal Sullivan"}},{"triple":{"subject":"/sample-data/data-1427.json","predicate":"http://www.w3.org/1999/02/22-rdf-syntax-ns#type","object":"http://xmlns.com/foaf/0.1/Person"}},{"triple":{"subject":"/sample-data/data-1427.json","predicate":"http://xmlns.com/foaf/0.1/knows","object":"/sample-data/data-265.json"}},{"triple":{"subject":"/sample-data/data-1427.json","predicate":"http://xmlns.com/foaf/0.1/knows","object":"/sample-data/data-2824.json"}},{"triple":{"subject":"/sample-data/data-1427.json","predicate":"http://xmlns.com/foaf/0.1/knows","object":"/sample-data/data-2671.json"}}]}