{"_id":"55ee5e44001079440094ccaf","index":1266,"guid":"5f1b01de-30c5-4b20-98be-da039a2e8c17","isActive":false,"balance":"$41,832.04","picture":"http://placehold.it/32x32","age":27,"eyeColor":"blue","name":"Eloise Sargent","gender":"female","company":"SULTRAXIN","email":"eloisesargent@sultraxin.com","phone":"+1 (949) 573-3180","address":"231 Bedford Place, Brazos, North Dakota, 1099","about":"Excepteur laborum eu exercitation occaecat voluptate. Fugiat cupidatat pariatur enim exercitation enim. Commodo cillum laborum amet aute ex. Cillum sit est irure veniam commodo consectetur.\r\n","registered":"2014-01-04T08:53:43 -07:00","tags":["Lorem","enim","qui","ex","eu","mollit","aliquip"],"friends":[{"id":0,"name":"Bush Arnold"},{"id":1,"name":"Robin Dean"},{"id":2,"name":"Drake Grant"}],"greeting":"Hello, Eloise Sargent! You have 6 unread messages.","favoriteFruit":"apple","location":{"latitude":-19.613618,"longitude":-135.539381},"docFormat":"json","triples":[{"triple":{"subject":"/sample-data/data-1266.json","predicate":"http://www.w3.org/2000/01/rdf-schema#label","object":"Eloise Sargent"}},{"triple":{"subject":"/sample-data/data-1266.json","predicate":"http://www.w3.org/1999/02/22-rdf-syntax-ns#type","object":"http://xmlns.com/foaf/0.1/Person"}},{"triple":{"subject":"/sample-data/data-1266.json","predicate":"http://xmlns.com/foaf/0.1/knows","object":"/sample-data/data-2901.json"}},{"triple":{"subject":"/sample-data/data-1266.json","predicate":"http://xmlns.com/foaf/0.1/knows","object":"/sample-data/data-160.json"}},{"triple":{"subject":"/sample-data/data-1266.json","predicate":"http://xmlns.com/foaf/0.1/knows","object":"/sample-data/data-2829.json"}}]}