{"_id":"55ee5e4417950a9a7dcb9539","index":1203,"guid":"7bdbe1e6-4f38-4008-b72a-1b3f37400745","isActive":true,"balance":"$69,237.74","picture":"http://placehold.it/32x32","age":54,"eyeColor":"brown","name":"Dana Nelson","gender":"female","company":"ETERNIS","email":"dananelson@eternis.com","phone":"+1 (889) 527-3903","address":"394 Kenilworth Place, Lacomb, New Jersey, 4995","about":"Ullamco consequat aliquip culpa sit veniam id anim nulla ex. Cupidatat cupidatat veniam proident veniam ipsum nulla ea ad fugiat reprehenderit veniam fugiat proident cillum. Aute mollit fugiat occaecat fugiat sunt Lorem dolore. Fugiat occaecat commodo ipsum aute consequat non officia amet occaecat eiusmod veniam anim. Elit deserunt nisi qui exercitation in culpa. Veniam id labore enim esse aute irure ipsum et magna pariatur quis irure nostrud.\r\n","registered":"2014-01-14T05:54:03 -07:00","tags":["in","consectetur","veniam","duis","quis","minim","sint"],"friends":[{"id":0,"name":"Conway Herrera"},{"id":1,"name":"Elena Lamb"},{"id":2,"name":"Sheppard Morrow"}],"greeting":"Hello, Dana Nelson! You have 7 unread messages.","favoriteFruit":"banana","location":{"latitude":34.831027,"longitude":90.619849},"docFormat":"json","triples":[{"triple":{"subject":"/sample-data/data-1203.json","predicate":"http://www.w3.org/2000/01/rdf-schema#label","object":"Dana Nelson"}},{"triple":{"subject":"/sample-data/data-1203.json","predicate":"http://www.w3.org/1999/02/22-rdf-syntax-ns#type","object":"http://xmlns.com/foaf/0.1/Person"}},{"triple":{"subject":"/sample-data/data-1203.json","predicate":"http://xmlns.com/foaf/0.1/knows","object":"/sample-data/data-21.json"}},{"triple":{"subject":"/sample-data/data-1203.json","predicate":"http://xmlns.com/foaf/0.1/knows","object":"/sample-data/data-1798.json"}},{"triple":{"subject":"/sample-data/data-1203.json","predicate":"http://xmlns.com/foaf/0.1/knows","object":"/sample-data/data-1562.json"}}]}