{"_id":"55ee5e44a8ac6e440864d37f","index":1399,"guid":"b2afd8bc-a53a-4da5-88e2-7844041ac2c7","isActive":false,"balance":"$69,436.42","picture":"http://placehold.it/32x32","age":55,"eyeColor":"brown","name":"Klein Kinney","gender":"male","company":"CUJO","email":"kleinkinney@cujo.com","phone":"+1 (880) 600-2610","address":"634 Melrose Street, Veyo, Illinois, 2510","about":"Elit id sit qui consectetur amet sint duis officia magna nulla consectetur. Lorem eiusmod pariatur ad amet commodo nisi ad do fugiat anim enim pariatur duis. Dolor cillum aliquip nulla elit cillum aute aute culpa laboris ea fugiat non irure adipisicing. Cillum aute sit exercitation commodo tempor exercitation exercitation mollit voluptate in laboris.\r\n","registered":"2014-07-29T06:40:13 -07:00","tags":["minim","deserunt","dolor","reprehenderit","culpa","ad","est"],"friends":[{"id":0,"name":"Mavis Church"},{"id":1,"name":"James Aguirre"},{"id":2,"name":"Julianne Anthony"}],"greeting":"Hello, Klein Kinney! You have 1 unread messages.","favoriteFruit":"strawberry","location":{"latitude":-12.75406,"longitude":-16.120243},"docFormat":"json","triples":[{"triple":{"subject":"/sample-data/data-1399.json","predicate":"http://www.w3.org/2000/01/rdf-schema#label","object":"Klein Kinney"}},{"triple":{"subject":"/sample-data/data-1399.json","predicate":"http://www.w3.org/1999/02/22-rdf-syntax-ns#type","object":"http://xmlns.com/foaf/0.1/Person"}},{"triple":{"subject":"/sample-data/data-1399.json","predicate":"http://xmlns.com/foaf/0.1/knows","object":"/sample-data/data-2681.json"}},{"triple":{"subject":"/sample-data/data-1399.json","predicate":"http://xmlns.com/foaf/0.1/knows","object":"/sample-data/data-1268.json"}},{"triple":{"subject":"/sample-data/data-1399.json","predicate":"http://xmlns.com/foaf/0.1/knows","object":"/sample-data/data-633.json"}}]}