{"_id":"55ee5e4481513588d04211ea","index":1392,"guid":"ca158051-3fd2-494b-8188-80df19320941","isActive":false,"balance":"$38,766.92","picture":"http://placehold.it/32x32","age":70,"eyeColor":"green","name":"Mitzi Kramer","gender":"female","company":"PROSURE","email":"mitzikramer@prosure.com","phone":"+1 (807) 418-3727","address":"582 Jerome Avenue, Winesburg, Arizona, 5207","about":"Pariatur Lorem Lorem veniam aliquip aute sint pariatur qui. Est ex ad aliqua non. Ea aliquip anim occaecat qui voluptate consectetur duis cillum fugiat Lorem nostrud anim ullamco. Laboris aute exercitation cupidatat nulla. Id mollit velit ut in Lorem eiusmod elit irure esse anim.\r\n","registered":"2014-09-13T02:13:03 -07:00","tags":["anim","laborum","eu","ea","est","amet","in"],"friends":[{"id":0,"name":"Delia Cooke"},{"id":1,"name":"Farrell Butler"},{"id":2,"name":"Bernadine Jenkins"}],"greeting":"Hello, Mitzi Kramer! You have 10 unread messages.","favoriteFruit":"orange","location":{"latitude":14.119679,"longitude":-104.285888},"docFormat":"json","triples":[{"triple":{"subject":"/sample-data/data-1392.json","predicate":"http://www.w3.org/2000/01/rdf-schema#label","object":"Mitzi Kramer"}},{"triple":{"subject":"/sample-data/data-1392.json","predicate":"http://www.w3.org/1999/02/22-rdf-syntax-ns#type","object":"http://xmlns.com/foaf/0.1/Person"}},{"triple":{"subject":"/sample-data/data-1392.json","predicate":"http://xmlns.com/foaf/0.1/knows","object":"/sample-data/data-1749.json"}},{"triple":{"subject":"/sample-data/data-1392.json","predicate":"http://xmlns.com/foaf/0.1/knows","object":"/sample-data/data-15.json"}},{"triple":{"subject":"/sample-data/data-1392.json","predicate":"http://xmlns.com/foaf/0.1/knows","object":"/sample-data/data-2139.json"}}]}