{"_id":"55ee5e44cd7447934d630e1a","index":1350,"guid":"e94cf4eb-01ed-47d8-9226-54c199fa85ce","isActive":true,"balance":"$57,938.57","picture":"http://placehold.it/32x32","age":63,"eyeColor":"blue","name":"Gay Zamora","gender":"female","company":"CINASTER","email":"gayzamora@cinaster.com","phone":"+1 (993) 512-2312","address":"854 Dwight Street, Rew, Arkansas, 5217","about":"Sunt reprehenderit velit consequat labore mollit sunt qui est aute. Esse deserunt ipsum sunt mollit cupidatat deserunt non velit. Aliquip cillum excepteur esse occaecat excepteur quis id sint mollit commodo aliquip sunt magna proident. Ut nostrud culpa qui aliquip elit laborum in laborum duis enim ex occaecat. Ut ullamco officia sunt nulla qui sint cupidatat deserunt dolore. Ut minim deserunt deserunt consequat laborum nisi sint adipisicing proident est.\r\n","registered":"2014-02-26T02:19:51 -07:00","tags":["do","ipsum","et","mollit","esse","sint","eiusmod"],"friends":[{"id":0,"name":"Duffy Kerr"},{"id":1,"name":"Georgina Holcomb"},{"id":2,"name":"Geraldine Moses"}],"greeting":"Hello, Gay Zamora! You have 10 unread messages.","favoriteFruit":"strawberry","location":{"latitude":81.670491,"longitude":35.48545},"docFormat":"json","triples":[{"triple":{"subject":"/sample-data/data-1350.json","predicate":"http://www.w3.org/2000/01/rdf-schema#label","object":"Gay Zamora"}},{"triple":{"subject":"/sample-data/data-1350.json","predicate":"http://www.w3.org/1999/02/22-rdf-syntax-ns#type","object":"http://xmlns.com/foaf/0.1/Person"}},{"triple":{"subject":"/sample-data/data-1350.json","predicate":"http://xmlns.com/foaf/0.1/knows","object":"/sample-data/data-788.json"}},{"triple":{"subject":"/sample-data/data-1350.json","predicate":"http://xmlns.com/foaf/0.1/knows","object":"/sample-data/data-1850.json"}},{"triple":{"subject":"/sample-data/data-1350.json","predicate":"http://xmlns.com/foaf/0.1/knows","object":"/sample-data/data-1720.json"}}]}