{"_id":"55ee5e4481c57cc307e37e09","index":1160,"guid":"24f46276-065d-411d-a4fb-d9cb58f699f4","isActive":false,"balance":"$13,666.87","picture":"http://placehold.it/32x32","age":67,"eyeColor":"green","name":"Liliana West","gender":"female","company":"CEMENTION","email":"lilianawest@cemention.com","phone":"+1 (983) 545-2675","address":"201 Bergen Place, Grahamtown, Arizona, 7052","about":"Culpa ipsum duis et labore cupidatat ex eu esse deserunt ad excepteur est ad. Magna eiusmod anim sint culpa. Et Lorem ad in consectetur aute duis occaecat dolor cillum commodo. Consectetur deserunt veniam consequat pariatur esse elit. Non occaecat cillum aliqua mollit dolore voluptate ad. Aliqua proident quis ea ipsum Lorem et eiusmod est ullamco mollit laboris sit eiusmod.\r\n","registered":"2015-07-01T12:12:43 -07:00","tags":["ipsum","duis","esse","ut","sit","pariatur","dolor"],"friends":[{"id":0,"name":"Gates Hendrix"},{"id":1,"name":"Brandie Vinson"},{"id":2,"name":"Cook Petty"}],"greeting":"Hello, Liliana West! You have 9 unread messages.","favoriteFruit":"banana","location":{"latitude":-30.937957,"longitude":-157.423333},"docFormat":"json","triples":[{"triple":{"subject":"/sample-data/data-1160.json","predicate":"http://www.w3.org/2000/01/rdf-schema#label","object":"Liliana West"}},{"triple":{"subject":"/sample-data/data-1160.json","predicate":"http://www.w3.org/1999/02/22-rdf-syntax-ns#type","object":"http://xmlns.com/foaf/0.1/Person"}},{"triple":{"subject":"/sample-data/data-1160.json","predicate":"http://xmlns.com/foaf/0.1/knows","object":"/sample-data/data-2344.json"}},{"triple":{"subject":"/sample-data/data-1160.json","predicate":"http://xmlns.com/foaf/0.1/knows","object":"/sample-data/data-606.json"}},{"triple":{"subject":"/sample-data/data-1160.json","predicate":"http://xmlns.com/foaf/0.1/knows","object":"/sample-data/data-2496.json"}}]}