{"_id":"55ee5e44596aab4e5c6684f3","index":1210,"guid":"497d6681-4701-4b65-8dbb-1603158ae57d","isActive":true,"balance":"$62,092.88","picture":"http://placehold.it/32x32","age":41,"eyeColor":"blue","name":"Teresa Colon","gender":"female","company":"TOURMANIA","email":"teresacolon@tourmania.com","phone":"+1 (931) 531-3959","address":"458 Howard Avenue, Wakulla, Tennessee, 9191","about":"Culpa cillum ex tempor quis cupidatat minim dolore nisi consequat deserunt. Ea ullamco ut eu quis tempor sint elit deserunt aliquip sint nulla ullamco officia laborum. Esse sint adipisicing amet ut quis adipisicing labore consequat nisi occaecat culpa amet do. Velit tempor irure labore aute.\r\n","registered":"2015-02-03T04:06:01 -07:00","tags":["non","sit","voluptate","ullamco","velit","adipisicing","ad"],"friends":[{"id":0,"name":"Parrish Durham"},{"id":1,"name":"Lupe Becker"},{"id":2,"name":"Huffman Carney"}],"greeting":"Hello, Teresa Colon! You have 6 unread messages.","favoriteFruit":"banana","location":{"latitude":-19.168397,"longitude":132.671034},"docFormat":"json","triples":[{"triple":{"subject":"/sample-data/data-1210.json","predicate":"http://www.w3.org/2000/01/rdf-schema#label","object":"Teresa Colon"}},{"triple":{"subject":"/sample-data/data-1210.json","predicate":"http://www.w3.org/1999/02/22-rdf-syntax-ns#type","object":"http://xmlns.com/foaf/0.1/Person"}},{"triple":{"subject":"/sample-data/data-1210.json","predicate":"http://xmlns.com/foaf/0.1/knows","object":"/sample-data/data-2754.json"}},{"triple":{"subject":"/sample-data/data-1210.json","predicate":"http://xmlns.com/foaf/0.1/knows","object":"/sample-data/data-134.json"}},{"triple":{"subject":"/sample-data/data-1210.json","predicate":"http://xmlns.com/foaf/0.1/knows","object":"/sample-data/data-1125.json"}}]}