{"_id":"55ee5e440d5730bfc9872b0d","index":1084,"guid":"d7befd21-a9a0-47a7-a054-d1b54973c30b","isActive":true,"balance":"$2,333.09","picture":"http://placehold.it/32x32","age":62,"eyeColor":"green","name":"Ava Marshall","gender":"female","company":"TECHADE","email":"avamarshall@techade.com","phone":"+1 (821) 421-2434","address":"150 Hanover Place, Kansas, American Samoa, 724","about":"Adipisicing magna est reprehenderit ut aliquip tempor tempor ipsum. Aute Lorem esse exercitation sunt veniam enim. Magna laboris exercitation commodo enim consequat nostrud id adipisicing veniam.\r\n","registered":"2014-07-20T06:13:40 -07:00","tags":["deserunt","eiusmod","reprehenderit","veniam","nulla","id","cillum"],"friends":[{"id":0,"name":"Gordon Frederick"},{"id":1,"name":"Holly Dawson"},{"id":2,"name":"Byrd Gross"}],"greeting":"Hello, Ava Marshall! You have 9 unread messages.","favoriteFruit":"apple","location":{"latitude":-13.775889,"longitude":-141.101379},"docFormat":"json","triples":[{"triple":{"subject":"/sample-data/data-1084.json","predicate":"http://www.w3.org/2000/01/rdf-schema#label","object":"Ava Marshall"}},{"triple":{"subject":"/sample-data/data-1084.json","predicate":"http://www.w3.org/1999/02/22-rdf-syntax-ns#type","object":"http://xmlns.com/foaf/0.1/Person"}},{"triple":{"subject":"/sample-data/data-1084.json","predicate":"http://xmlns.com/foaf/0.1/knows","object":"/sample-data/data-2433.json"}},{"triple":{"subject":"/sample-data/data-1084.json","predicate":"http://xmlns.com/foaf/0.1/knows","object":"/sample-data/data-2971.json"}},{"triple":{"subject":"/sample-data/data-1084.json","predicate":"http://xmlns.com/foaf/0.1/knows","object":"/sample-data/data-1263.json"}}]}