{"_id":"55ee5e444e2992957de42a1f","index":1171,"guid":"f4dc9724-6545-4259-9182-152128a12fd2","isActive":true,"balance":"$42,057.12","picture":"http://placehold.it/32x32","age":37,"eyeColor":"brown","name":"Santiago Dale","gender":"male","company":"ORBALIX","email":"santiagodale@orbalix.com","phone":"+1 (862) 519-3619","address":"854 Powers Street, Blue, California, 7731","about":"Sunt est veniam duis eiusmod quis dolore amet. Elit do proident deserunt qui consequat fugiat duis cillum ea exercitation elit eiusmod consequat. In cupidatat sunt sit ut qui cupidatat. Adipisicing elit cupidatat eiusmod proident enim minim culpa occaecat Lorem dolor. Adipisicing laborum consequat non quis voluptate sint pariatur eiusmod elit laborum. Proident dolore ad enim duis esse sunt tempor.\r\n","registered":"2014-10-03T04:31:06 -07:00","tags":["non","sunt","eiusmod","eiusmod","Lorem","velit","aliqua"],"friends":[{"id":0,"name":"Dyer Moody"},{"id":1,"name":"Allison Bird"},{"id":2,"name":"Joseph Morin"}],"greeting":"Hello, Santiago Dale! You have 3 unread messages.","favoriteFruit":"pear","location":{"latitude":35.950643,"longitude":-138.274875},"docFormat":"json","triples":[{"triple":{"subject":"/sample-data/data-1171.json","predicate":"http://www.w3.org/2000/01/rdf-schema#label","object":"Santiago Dale"}},{"triple":{"subject":"/sample-data/data-1171.json","predicate":"http://www.w3.org/1999/02/22-rdf-syntax-ns#type","object":"http://xmlns.com/foaf/0.1/Person"}},{"triple":{"subject":"/sample-data/data-1171.json","predicate":"http://xmlns.com/foaf/0.1/knows","object":"/sample-data/data-2312.json"}},{"triple":{"subject":"/sample-data/data-1171.json","predicate":"http://xmlns.com/foaf/0.1/knows","object":"/sample-data/data-2554.json"}},{"triple":{"subject":"/sample-data/data-1171.json","predicate":"http://xmlns.com/foaf/0.1/knows","object":"/sample-data/data-1540.json"}}]}