{"_id":"55ee5e448507012e86c8b1fc","index":1211,"guid":"bfcf3ec5-268b-4924-b4b6-8bf0591112d0","isActive":false,"balance":"$4,271.22","picture":"http://placehold.it/32x32","age":54,"eyeColor":"green","name":"Roberta Hopper","gender":"female","company":"ZORK","email":"robertahopper@zork.com","phone":"+1 (821) 424-2368","address":"939 Clove Road, Hannasville, Palau, 9857","about":"Esse ea culpa nostrud voluptate Lorem cupidatat enim consequat tempor excepteur duis ad in mollit. Sint non est enim consectetur mollit. Sint laborum tempor exercitation magna nulla. Esse minim eu dolor do id occaecat laborum ullamco velit aliqua. Ad est do exercitation fugiat excepteur Lorem consequat consequat ea tempor adipisicing mollit culpa. Pariatur culpa voluptate ipsum aliquip ipsum est sit.\r\n","registered":"2014-03-06T08:25:17 -07:00","tags":["excepteur","aute","eu","excepteur","laborum","irure","dolore"],"friends":[{"id":0,"name":"Velasquez Meyer"},{"id":1,"name":"Ola Snider"},{"id":2,"name":"Bessie Rivera"}],"greeting":"Hello, Roberta Hopper! You have 6 unread messages.","favoriteFruit":"strawberry","location":{"latitude":-29.804796,"longitude":-10.691631},"docFormat":"json","triples":[{"triple":{"subject":"/sample-data/data-1211.json","predicate":"http://www.w3.org/2000/01/rdf-schema#label","object":"Roberta Hopper"}},{"triple":{"subject":"/sample-data/data-1211.json","predicate":"http://www.w3.org/1999/02/22-rdf-syntax-ns#type","object":"http://xmlns.com/foaf/0.1/Person"}},{"triple":{"subject":"/sample-data/data-1211.json","predicate":"http://xmlns.com/foaf/0.1/knows","object":"/sample-data/data-1408.json"}},{"triple":{"subject":"/sample-data/data-1211.json","predicate":"http://xmlns.com/foaf/0.1/knows","object":"/sample-data/data-919.json"}},{"triple":{"subject":"/sample-data/data-1211.json","predicate":"http://xmlns.com/foaf/0.1/knows","object":"/sample-data/data-2487.json"}}]}