{"_id":"55ee5e44834eb51481519b8f","index":1393,"guid":"c978701b-731f-4bfa-ba5a-1cc9b4985e02","isActive":false,"balance":"$58,073.71","picture":"http://placehold.it/32x32","age":34,"eyeColor":"blue","name":"Christa Macdonald","gender":"female","company":"VITRICOMP","email":"christamacdonald@vitricomp.com","phone":"+1 (954) 413-3174","address":"756 Clark Street, Haring, Missouri, 6082","about":"Aliquip ut adipisicing ad qui duis anim. Velit labore ad esse proident magna nostrud esse. Commodo dolor esse aliqua dolore id et et sunt reprehenderit. Dolor sunt do amet nisi duis. Adipisicing esse sint pariatur culpa id labore sint aliqua sunt nisi fugiat incididunt exercitation minim.\r\n","registered":"2014-08-04T12:35:28 -07:00","tags":["fugiat","occaecat","Lorem","nostrud","sint","laborum","consequat"],"friends":[{"id":0,"name":"Medina Huffman"},{"id":1,"name":"Hess Wyatt"},{"id":2,"name":"Burns Rosales"}],"greeting":"Hello, Christa Macdonald! You have 7 unread messages.","favoriteFruit":"pear","location":{"latitude":-47.499605,"longitude":167.571232},"docFormat":"json","triples":[{"triple":{"subject":"/sample-data/data-1393.json","predicate":"http://www.w3.org/2000/01/rdf-schema#label","object":"Christa Macdonald"}},{"triple":{"subject":"/sample-data/data-1393.json","predicate":"http://www.w3.org/1999/02/22-rdf-syntax-ns#type","object":"http://xmlns.com/foaf/0.1/Person"}},{"triple":{"subject":"/sample-data/data-1393.json","predicate":"http://xmlns.com/foaf/0.1/knows","object":"/sample-data/data-63.json"}},{"triple":{"subject":"/sample-data/data-1393.json","predicate":"http://xmlns.com/foaf/0.1/knows","object":"/sample-data/data-571.json"}},{"triple":{"subject":"/sample-data/data-1393.json","predicate":"http://xmlns.com/foaf/0.1/knows","object":"/sample-data/data-1162.json"}}]}