{"_id":"55ee5e4496369559d4a1f06a","index":1161,"guid":"8dd1c636-e3ae-4cd7-a2d5-fd5e799c717a","isActive":false,"balance":"$68,285.88","picture":"http://placehold.it/32x32","age":22,"eyeColor":"green","name":"Pennington Pittman","gender":"male","company":"OVATION","email":"penningtonpittman@ovation.com","phone":"+1 (903) 443-3367","address":"553 Amboy Street, Buxton, Missouri, 5695","about":"Ipsum laboris et culpa minim adipisicing id et amet culpa. Nisi velit non aliquip sunt consequat est enim. Consequat est sit ipsum aute anim labore reprehenderit do nisi cillum enim. Velit laborum minim dolore reprehenderit aute. Excepteur officia mollit dolor adipisicing et cupidatat do proident est ea et enim fugiat ullamco. Laborum nulla veniam amet ullamco non cupidatat tempor dolore ullamco sit commodo elit. Elit tempor culpa ullamco amet quis ullamco id pariatur eiusmod cillum duis anim officia.\r\n","registered":"2014-10-01T02:22:03 -07:00","tags":["proident","amet","elit","occaecat","fugiat","anim","aute"],"friends":[{"id":0,"name":"Hancock Hamilton"},{"id":1,"name":"Mathis Howard"},{"id":2,"name":"Amparo Hester"}],"greeting":"Hello, Pennington Pittman! You have 1 unread messages.","favoriteFruit":"orange","location":{"latitude":14.938154,"longitude":-107.024514},"docFormat":"json","triples":[{"triple":{"subject":"/sample-data/data-1161.json","predicate":"http://www.w3.org/2000/01/rdf-schema#label","object":"Pennington Pittman"}},{"triple":{"subject":"/sample-data/data-1161.json","predicate":"http://www.w3.org/1999/02/22-rdf-syntax-ns#type","object":"http://xmlns.com/foaf/0.1/Person"}},{"triple":{"subject":"/sample-data/data-1161.json","predicate":"http://xmlns.com/foaf/0.1/knows","object":"/sample-data/data-1211.json"}},{"triple":{"subject":"/sample-data/data-1161.json","predicate":"http://xmlns.com/foaf/0.1/knows","object":"/sample-data/data-2519.json"}},{"triple":{"subject":"/sample-data/data-1161.json","predicate":"http://xmlns.com/foaf/0.1/knows","object":"/sample-data/data-723.json"}}]}