{"_id":"55ee5e447e14c2c3fab7f36b","index":1341,"guid":"b35194b3-6775-4657-abbf-42b5945d0b56","isActive":true,"balance":"$58,281.39","picture":"http://placehold.it/32x32","age":36,"eyeColor":"brown","name":"Mack Cantu","gender":"male","company":"EXOSTREAM","email":"mackcantu@exostream.com","phone":"+1 (906) 529-2769","address":"460 Baughman Place, Kiskimere, Illinois, 9270","about":"Laboris proident sint labore commodo exercitation aliqua culpa labore minim nostrud veniam nostrud duis. Culpa reprehenderit aliqua cillum anim est labore. Magna sunt magna adipisicing enim cupidatat nostrud enim laboris.\r\n","registered":"2014-08-04T10:48:05 -07:00","tags":["officia","magna","sint","proident","aute","nulla","ut"],"friends":[{"id":0,"name":"Mcdaniel Perry"},{"id":1,"name":"Heidi Alford"},{"id":2,"name":"Moses Goodman"}],"greeting":"Hello, Mack Cantu! You have 9 unread messages.","favoriteFruit":"banana","location":{"latitude":-57.491907,"longitude":-146.157312},"docFormat":"json","triples":[{"triple":{"subject":"/sample-data/data-1341.json","predicate":"http://www.w3.org/2000/01/rdf-schema#label","object":"Mack Cantu"}},{"triple":{"subject":"/sample-data/data-1341.json","predicate":"http://www.w3.org/1999/02/22-rdf-syntax-ns#type","object":"http://xmlns.com/foaf/0.1/Person"}},{"triple":{"subject":"/sample-data/data-1341.json","predicate":"http://xmlns.com/foaf/0.1/knows","object":"/sample-data/data-2928.json"}},{"triple":{"subject":"/sample-data/data-1341.json","predicate":"http://xmlns.com/foaf/0.1/knows","object":"/sample-data/data-1094.json"}},{"triple":{"subject":"/sample-data/data-1341.json","predicate":"http://xmlns.com/foaf/0.1/knows","object":"/sample-data/data-1685.json"}}]}