{"_id":"55ee5e4476921d86950927ab","index":1320,"guid":"03e8e860-2062-4fad-a160-8374b1281553","isActive":true,"balance":"$15,024.05","picture":"http://placehold.it/32x32","age":27,"eyeColor":"brown","name":"Foreman Clemons","gender":"male","company":"ZUVY","email":"foremanclemons@zuvy.com","phone":"+1 (966) 595-2161","address":"262 Elmwood Avenue, Teasdale, Mississippi, 5008","about":"Culpa reprehenderit adipisicing aute incididunt. Nisi enim non et aliquip eu consequat. Exercitation non commodo deserunt dolor qui cillum.\r\n","registered":"2015-07-07T10:39:48 -07:00","tags":["cillum","nostrud","amet","consequat","amet","aliquip","ea"],"friends":[{"id":0,"name":"Fuller Nieves"},{"id":1,"name":"Misty Castro"},{"id":2,"name":"Hurley Elliott"}],"greeting":"Hello, Foreman Clemons! You have 4 unread messages.","favoriteFruit":"strawberry","location":{"latitude":15.878562,"longitude":69.328116},"docFormat":"json","triples":[{"triple":{"subject":"/sample-data/data-1320.json","predicate":"http://www.w3.org/2000/01/rdf-schema#label","object":"Foreman Clemons"}},{"triple":{"subject":"/sample-data/data-1320.json","predicate":"http://www.w3.org/1999/02/22-rdf-syntax-ns#type","object":"http://xmlns.com/foaf/0.1/Person"}},{"triple":{"subject":"/sample-data/data-1320.json","predicate":"http://xmlns.com/foaf/0.1/knows","object":"/sample-data/data-873.json"}},{"triple":{"subject":"/sample-data/data-1320.json","predicate":"http://xmlns.com/foaf/0.1/knows","object":"/sample-data/data-2247.json"}},{"triple":{"subject":"/sample-data/data-1320.json","predicate":"http://xmlns.com/foaf/0.1/knows","object":"/sample-data/data-1603.json"}}]}