{"_id":"55ee5e4443a4e4780847ee41","index":1118,"guid":"061cabca-d75c-4277-9144-545167d0ee51","isActive":false,"balance":"$88,261.30","picture":"http://placehold.it/32x32","age":30,"eyeColor":"blue","name":"Helga Nguyen","gender":"female","company":"EXTRAWEAR","email":"helganguyen@extrawear.com","phone":"+1 (972) 510-3269","address":"120 Jay Street, Ezel, Arkansas, 8026","about":"Commodo nisi eu non quis excepteur minim culpa. Laboris nulla do ex aliquip non officia minim. Labore consectetur esse sit veniam. Qui esse est ullamco cillum ut adipisicing. Occaecat do veniam mollit ex velit exercitation sunt velit. Exercitation proident ex minim et consectetur consectetur id cupidatat incididunt.\r\n","registered":"2015-05-23T10:11:17 -07:00","tags":["consequat","velit","ex","irure","exercitation","proident","cupidatat"],"friends":[{"id":0,"name":"Jeanne Baird"},{"id":1,"name":"Pearson Blair"},{"id":2,"name":"Lara Harrell"}],"greeting":"Hello, Helga Nguyen! You have 9 unread messages.","favoriteFruit":"pear","location":{"latitude":78.211539,"longitude":-124.5695},"docFormat":"json","triples":[{"triple":{"subject":"/sample-data/data-1118.json","predicate":"http://www.w3.org/2000/01/rdf-schema#label","object":"Helga Nguyen"}},{"triple":{"subject":"/sample-data/data-1118.json","predicate":"http://www.w3.org/1999/02/22-rdf-syntax-ns#type","object":"http://xmlns.com/foaf/0.1/Person"}},{"triple":{"subject":"/sample-data/data-1118.json","predicate":"http://xmlns.com/foaf/0.1/knows","object":"/sample-data/data-2050.json"}},{"triple":{"subject":"/sample-data/data-1118.json","predicate":"http://xmlns.com/foaf/0.1/knows","object":"/sample-data/data-2898.json"}},{"triple":{"subject":"/sample-data/data-1118.json","predicate":"http://xmlns.com/foaf/0.1/knows","object":"/sample-data/data-933.json"}}]}