{"_id":"55ee5e448841b6d58e00ae4a","index":1249,"guid":"bed5f4ef-6530-40e1-872b-c91eaa156cc2","isActive":false,"balance":"$50,424.10","picture":"http://placehold.it/32x32","age":21,"eyeColor":"brown","name":"Monroe Rutledge","gender":"male","company":"EARTHPLEX","email":"monroerutledge@earthplex.com","phone":"+1 (856) 551-3666","address":"380 McKinley Avenue, Adelino, Indiana, 5301","about":"Incididunt reprehenderit dolor ut velit qui est id tempor ullamco ex exercitation aliqua pariatur. Consequat consequat ad esse commodo cupidatat reprehenderit. Excepteur reprehenderit dolor est in est veniam ullamco proident nulla anim culpa aliqua. Nostrud sint aliquip est reprehenderit veniam Lorem adipisicing magna duis consectetur proident ea.\r\n","registered":"2014-12-18T06:07:08 -07:00","tags":["ipsum","labore","sit","qui","ea","do","eiusmod"],"friends":[{"id":0,"name":"Boyer Mccall"},{"id":1,"name":"Toni Jacobs"},{"id":2,"name":"Kelley Mccray"}],"greeting":"Hello, Monroe Rutledge! You have 2 unread messages.","favoriteFruit":"banana","location":{"latitude":84.881482,"longitude":-57.298006},"docFormat":"json","triples":[{"triple":{"subject":"/sample-data/data-1249.json","predicate":"http://www.w3.org/2000/01/rdf-schema#label","object":"Monroe Rutledge"}},{"triple":{"subject":"/sample-data/data-1249.json","predicate":"http://www.w3.org/1999/02/22-rdf-syntax-ns#type","object":"http://xmlns.com/foaf/0.1/Person"}},{"triple":{"subject":"/sample-data/data-1249.json","predicate":"http://xmlns.com/foaf/0.1/knows","object":"/sample-data/data-1803.json"}},{"triple":{"subject":"/sample-data/data-1249.json","predicate":"http://xmlns.com/foaf/0.1/knows","object":"/sample-data/data-330.json"}},{"triple":{"subject":"/sample-data/data-1249.json","predicate":"http://xmlns.com/foaf/0.1/knows","object":"/sample-data/data-1276.json"}}]}