{"_id":"55ee5e440356a91794f98457","index":1431,"guid":"1e9e06e5-c004-48a6-9ab9-c3eea01aacaf","isActive":false,"balance":"$20,219.10","picture":"http://placehold.it/32x32","age":25,"eyeColor":"brown","name":"Leslie Weiss","gender":"female","company":"QUALITERN","email":"leslieweiss@qualitern.com","phone":"+1 (917) 476-3783","address":"394 Thomas Street, Castleton, Puerto Rico, 3149","about":"Dolore aliqua ullamco aute eiusmod exercitation. Ullamco ea cillum ea elit excepteur dolor veniam. Eu consectetur veniam consectetur do labore.\r\n","registered":"2015-03-06T11:27:17 -07:00","tags":["enim","eiusmod","ad","est","dolore","consequat","consequat"],"friends":[{"id":0,"name":"Charles Edwards"},{"id":1,"name":"Kirby Donovan"},{"id":2,"name":"Deloris Whitfield"}],"greeting":"Hello, Leslie Weiss! You have 2 unread messages.","favoriteFruit":"apple","location":{"latitude":-28.055931,"longitude":137.737032},"docFormat":"json","triples":[{"triple":{"subject":"/sample-data/data-1431.json","predicate":"http://www.w3.org/2000/01/rdf-schema#label","object":"Leslie Weiss"}},{"triple":{"subject":"/sample-data/data-1431.json","predicate":"http://www.w3.org/1999/02/22-rdf-syntax-ns#type","object":"http://xmlns.com/foaf/0.1/Person"}},{"triple":{"subject":"/sample-data/data-1431.json","predicate":"http://xmlns.com/foaf/0.1/knows","object":"/sample-data/data-204.json"}},{"triple":{"subject":"/sample-data/data-1431.json","predicate":"http://xmlns.com/foaf/0.1/knows","object":"/sample-data/data-2760.json"}},{"triple":{"subject":"/sample-data/data-1431.json","predicate":"http://xmlns.com/foaf/0.1/knows","object":"/sample-data/data-296.json"}}]}