{"_id":"55ee5e44ed075870d72d2e00","index":1250,"guid":"8a253fa3-70cf-431c-85df-e9b40521b347","isActive":true,"balance":"$39,393.04","picture":"http://placehold.it/32x32","age":37,"eyeColor":"green","name":"Atkins Stout","gender":"male","company":"MYOPIUM","email":"atkinsstout@myopium.com","phone":"+1 (877) 551-3856","address":"108 Surf Avenue, Cedarville, District Of Columbia, 6346","about":"Exercitation aliqua cupidatat qui dolor eu tempor sit labore eu. Exercitation do ex reprehenderit adipisicing anim. Incididunt sint dolor adipisicing proident. Id incididunt excepteur dolor ex qui laboris aliqua incididunt incididunt incididunt ad Lorem amet incididunt. Sit aliquip fugiat veniam adipisicing culpa aliquip in officia ad incididunt minim est. Irure enim exercitation ad pariatur aliquip. Exercitation tempor magna ullamco sint magna ipsum occaecat reprehenderit aliquip adipisicing excepteur nostrud.\r\n","registered":"2014-11-08T02:55:10 -07:00","tags":["laboris","ullamco","excepteur","veniam","nostrud","laborum","officia"],"friends":[{"id":0,"name":"Carr Burnett"},{"id":1,"name":"Mcgowan Glenn"},{"id":2,"name":"Robbie Sexton"}],"greeting":"Hello, Atkins Stout! You have 5 unread messages.","favoriteFruit":"orange","location":{"latitude":2.443686,"longitude":78.17928},"docFormat":"json","triples":[{"triple":{"subject":"/sample-data/data-1250.json","predicate":"http://www.w3.org/2000/01/rdf-schema#label","object":"Atkins Stout"}},{"triple":{"subject":"/sample-data/data-1250.json","predicate":"http://www.w3.org/1999/02/22-rdf-syntax-ns#type","object":"http://xmlns.com/foaf/0.1/Person"}},{"triple":{"subject":"/sample-data/data-1250.json","predicate":"http://xmlns.com/foaf/0.1/knows","object":"/sample-data/data-829.json"}},{"triple":{"subject":"/sample-data/data-1250.json","predicate":"http://xmlns.com/foaf/0.1/knows","object":"/sample-data/data-254.json"}},{"triple":{"subject":"/sample-data/data-1250.json","predicate":"http://xmlns.com/foaf/0.1/knows","object":"/sample-data/data-2941.json"}}]}