{"_id":"55ee5e4466247878926af289","index":1291,"guid":"37e4ffed-0e6c-4d9b-aaa0-59aa1d28947b","isActive":true,"balance":"$75,668.75","picture":"http://placehold.it/32x32","age":63,"eyeColor":"brown","name":"Pat Albert","gender":"female","company":"POOCHIES","email":"patalbert@poochies.com","phone":"+1 (916) 461-2686","address":"721 Indiana Place, Calverton, South Dakota, 6457","about":"Dolor voluptate elit veniam sunt tempor dolore in id. Duis nulla laboris ad nulla mollit officia tempor dolore enim qui officia irure. Nostrud laborum aliqua pariatur officia ex adipisicing laborum labore sunt.\r\n","registered":"2014-11-05T05:54:16 -07:00","tags":["sunt","amet","enim","eiusmod","adipisicing","deserunt","nulla"],"friends":[{"id":0,"name":"Sheryl Lancaster"},{"id":1,"name":"Mcbride Stanton"},{"id":2,"name":"Bianca Hines"}],"greeting":"Hello, Pat Albert! You have 5 unread messages.","favoriteFruit":"apple","location":{"latitude":82.53521,"longitude":-45.78983},"docFormat":"json","triples":[{"triple":{"subject":"/sample-data/data-1291.json","predicate":"http://www.w3.org/2000/01/rdf-schema#label","object":"Pat Albert"}},{"triple":{"subject":"/sample-data/data-1291.json","predicate":"http://www.w3.org/1999/02/22-rdf-syntax-ns#type","object":"http://xmlns.com/foaf/0.1/Person"}},{"triple":{"subject":"/sample-data/data-1291.json","predicate":"http://xmlns.com/foaf/0.1/knows","object":"/sample-data/data-828.json"}},{"triple":{"subject":"/sample-data/data-1291.json","predicate":"http://xmlns.com/foaf/0.1/knows","object":"/sample-data/data-1170.json"}},{"triple":{"subject":"/sample-data/data-1291.json","predicate":"http://xmlns.com/foaf/0.1/knows","object":"/sample-data/data-1984.json"}}]}