{"_id":"55ee5e443e21d2c52948eb4f","index":1087,"guid":"0c0dfebb-3365-40fb-9a38-f81d1c7cd78d","isActive":true,"balance":"$71,387.49","picture":"http://placehold.it/32x32","age":30,"eyeColor":"green","name":"Amalia Valencia","gender":"female","company":"BLEEKO","email":"amaliavalencia@bleeko.com","phone":"+1 (966) 474-2019","address":"101 Cornelia Street, Wattsville, New Jersey, 953","about":"Eu officia eiusmod ad sint est est mollit dolor cillum. Magna ipsum ex eu excepteur adipisicing. Nulla elit exercitation amet ut in sit dolor. Cillum excepteur commodo mollit cupidatat reprehenderit laborum incididunt consectetur laborum enim et nulla anim ex. Est velit minim ut voluptate ipsum deserunt deserunt id adipisicing consectetur reprehenderit exercitation laborum officia.\r\n","registered":"2015-08-28T07:33:16 -07:00","tags":["excepteur","eiusmod","cillum","minim","Lorem","sint","qui"],"friends":[{"id":0,"name":"Theresa Richmond"},{"id":1,"name":"Yvette Fernandez"},{"id":2,"name":"Hinton Rios"}],"greeting":"Hello, Amalia Valencia! You have 7 unread messages.","favoriteFruit":"pear","location":{"latitude":26.767865,"longitude":-80.918123},"docFormat":"json","triples":[{"triple":{"subject":"/sample-data/data-1087.json","predicate":"http://www.w3.org/2000/01/rdf-schema#label","object":"Amalia Valencia"}},{"triple":{"subject":"/sample-data/data-1087.json","predicate":"http://www.w3.org/1999/02/22-rdf-syntax-ns#type","object":"http://xmlns.com/foaf/0.1/Person"}},{"triple":{"subject":"/sample-data/data-1087.json","predicate":"http://xmlns.com/foaf/0.1/knows","object":"/sample-data/data-2185.json"}},{"triple":{"subject":"/sample-data/data-1087.json","predicate":"http://xmlns.com/foaf/0.1/knows","object":"/sample-data/data-830.json"}},{"triple":{"subject":"/sample-data/data-1087.json","predicate":"http://xmlns.com/foaf/0.1/knows","object":"/sample-data/data-1124.json"}}]}