{"_id":"55ee5e441fc92893aec3472f","index":1042,"guid":"d244f873-8048-4f53-be92-e50d187c81d1","isActive":false,"balance":"$59,000.65","picture":"http://placehold.it/32x32","age":28,"eyeColor":"green","name":"Morgan Hines","gender":"female","company":"MAROPTIC","email":"morganhines@maroptic.com","phone":"+1 (877) 535-3379","address":"841 Hoyts Lane, Yukon, Virgin Islands, 7037","about":"Mollit proident enim ad ullamco mollit cupidatat anim cupidatat cillum sit fugiat veniam. Voluptate laborum qui exercitation do adipisicing elit. Proident in fugiat nostrud sunt incididunt officia commodo. Elit incididunt est officia do esse sit irure non adipisicing. Nulla exercitation est minim laboris enim veniam commodo aute adipisicing occaecat ut occaecat cupidatat.\r\n","registered":"2015-08-15T05:36:10 -07:00","tags":["sint","anim","est","laborum","excepteur","anim","et"],"friends":[{"id":0,"name":"Velazquez Best"},{"id":1,"name":"Dona Ratliff"},{"id":2,"name":"Antonia Ray"}],"greeting":"Hello, Morgan Hines! You have 6 unread messages.","favoriteFruit":"banana","location":{"latitude":60.566724,"longitude":124.80608},"docFormat":"json","triples":[{"triple":{"subject":"/sample-data/data-1042.json","predicate":"http://www.w3.org/2000/01/rdf-schema#label","object":"Morgan Hines"}},{"triple":{"subject":"/sample-data/data-1042.json","predicate":"http://www.w3.org/1999/02/22-rdf-syntax-ns#type","object":"http://xmlns.com/foaf/0.1/Person"}},{"triple":{"subject":"/sample-data/data-1042.json","predicate":"http://xmlns.com/foaf/0.1/knows","object":"/sample-data/data-2901.json"}},{"triple":{"subject":"/sample-data/data-1042.json","predicate":"http://xmlns.com/foaf/0.1/knows","object":"/sample-data/data-1904.json"}},{"triple":{"subject":"/sample-data/data-1042.json","predicate":"http://xmlns.com/foaf/0.1/knows","object":"/sample-data/data-2507.json"}}]}