{"_id":"55ee5e44307838b9a6a8b1f0","index":1223,"guid":"4dd84e1e-a9b4-4bec-a6b1-a810383de98c","isActive":false,"balance":"$7,949.17","picture":"http://placehold.it/32x32","age":49,"eyeColor":"brown","name":"Muriel Ortega","gender":"female","company":"BOVIS","email":"murielortega@bovis.com","phone":"+1 (909) 441-3428","address":"421 Hinsdale Street, Shepardsville, Ohio, 4657","about":"Enim ut enim laboris sint eu pariatur ad. Minim et tempor exercitation nulla laboris laboris magna ullamco commodo velit fugiat qui. Minim pariatur ad proident dolore. Reprehenderit nisi ullamco minim dolore dolore. Do sint sunt ullamco reprehenderit reprehenderit sit est eu enim.\r\n","registered":"2014-10-10T06:15:48 -07:00","tags":["aliqua","ex","cillum","laboris","aliqua","enim","ea"],"friends":[{"id":0,"name":"Irma Dickerson"},{"id":1,"name":"Laurel Rivas"},{"id":2,"name":"Luna Wallace"}],"greeting":"Hello, Muriel Ortega! You have 3 unread messages.","favoriteFruit":"strawberry","location":{"latitude":11.072275,"longitude":-137.213578},"docFormat":"json","triples":[{"triple":{"subject":"/sample-data/data-1223.json","predicate":"http://www.w3.org/2000/01/rdf-schema#label","object":"Muriel Ortega"}},{"triple":{"subject":"/sample-data/data-1223.json","predicate":"http://www.w3.org/1999/02/22-rdf-syntax-ns#type","object":"http://xmlns.com/foaf/0.1/Person"}},{"triple":{"subject":"/sample-data/data-1223.json","predicate":"http://xmlns.com/foaf/0.1/knows","object":"/sample-data/data-1151.json"}},{"triple":{"subject":"/sample-data/data-1223.json","predicate":"http://xmlns.com/foaf/0.1/knows","object":"/sample-data/data-1587.json"}},{"triple":{"subject":"/sample-data/data-1223.json","predicate":"http://xmlns.com/foaf/0.1/knows","object":"/sample-data/data-150.json"}}]}