{"_id":"55ee5e44ac7c9c8a870a980f","index":1080,"guid":"2270c7d6-939f-424f-bfb2-a2a7efacaba7","isActive":true,"balance":"$33,238.61","picture":"http://placehold.it/32x32","age":45,"eyeColor":"green","name":"Tonya Estes","gender":"female","company":"GEOFORMA","email":"tonyaestes@geoforma.com","phone":"+1 (867) 561-2882","address":"188 Knapp Street, Bowie, Nebraska, 7227","about":"Deserunt fugiat qui amet pariatur quis id. Et minim dolor reprehenderit proident id elit est laboris enim reprehenderit do officia eiusmod. Laborum et ad cillum id qui qui in nisi eiusmod nostrud eu minim est magna. Laborum sunt amet ex excepteur minim ex officia incididunt id tempor.\r\n","registered":"2014-06-02T05:03:15 -07:00","tags":["elit","officia","excepteur","mollit","tempor","dolor","irure"],"friends":[{"id":0,"name":"Knapp Puckett"},{"id":1,"name":"Catalina Andrews"},{"id":2,"name":"Fitzpatrick Montoya"}],"greeting":"Hello, Tonya Estes! You have 7 unread messages.","favoriteFruit":"strawberry","location":{"latitude":73.802379,"longitude":-23.656348},"docFormat":"json","triples":[{"triple":{"subject":"/sample-data/data-1080.json","predicate":"http://www.w3.org/2000/01/rdf-schema#label","object":"Tonya Estes"}},{"triple":{"subject":"/sample-data/data-1080.json","predicate":"http://www.w3.org/1999/02/22-rdf-syntax-ns#type","object":"http://xmlns.com/foaf/0.1/Person"}},{"triple":{"subject":"/sample-data/data-1080.json","predicate":"http://xmlns.com/foaf/0.1/knows","object":"/sample-data/data-2463.json"}},{"triple":{"subject":"/sample-data/data-1080.json","predicate":"http://xmlns.com/foaf/0.1/knows","object":"/sample-data/data-2688.json"}},{"triple":{"subject":"/sample-data/data-1080.json","predicate":"http://xmlns.com/foaf/0.1/knows","object":"/sample-data/data-371.json"}}]}