{"_id":"55ee5e44d3f1d0eacc0b9e50","index":1302,"guid":"c2c4f3bc-2c45-4bfa-a454-64c12dc9aa97","isActive":true,"balance":"$58,574.22","picture":"http://placehold.it/32x32","age":39,"eyeColor":"blue","name":"Hester Dotson","gender":"female","company":"BALUBA","email":"hesterdotson@baluba.com","phone":"+1 (804) 494-3619","address":"823 Adler Place, Brewster, Delaware, 9612","about":"Eu duis labore occaecat nulla ut est. Reprehenderit ex ullamco cillum excepteur ut anim ipsum. Ea reprehenderit laboris veniam laboris dolore est proident pariatur veniam. Magna amet mollit deserunt voluptate do sunt fugiat. Dolor do ipsum duis ut ut eu id fugiat amet.\r\n","registered":"2014-08-05T06:37:01 -07:00","tags":["consectetur","eiusmod","cupidatat","proident","officia","fugiat","in"],"friends":[{"id":0,"name":"Ford Boyle"},{"id":1,"name":"Kelly Singleton"},{"id":2,"name":"Levine Harvey"}],"greeting":"Hello, Hester Dotson! You have 5 unread messages.","favoriteFruit":"pear","location":{"latitude":29.758878,"longitude":73.098929},"docFormat":"json","triples":[{"triple":{"subject":"/sample-data/data-1302.json","predicate":"http://www.w3.org/2000/01/rdf-schema#label","object":"Hester Dotson"}},{"triple":{"subject":"/sample-data/data-1302.json","predicate":"http://www.w3.org/1999/02/22-rdf-syntax-ns#type","object":"http://xmlns.com/foaf/0.1/Person"}},{"triple":{"subject":"/sample-data/data-1302.json","predicate":"http://xmlns.com/foaf/0.1/knows","object":"/sample-data/data-2428.json"}},{"triple":{"subject":"/sample-data/data-1302.json","predicate":"http://xmlns.com/foaf/0.1/knows","object":"/sample-data/data-1624.json"}},{"triple":{"subject":"/sample-data/data-1302.json","predicate":"http://xmlns.com/foaf/0.1/knows","object":"/sample-data/data-422.json"}}]}