{"_id":"55ee5e449ba3be7ca4961af6","index":1262,"guid":"23958def-3f2f-45d0-a64b-6ea6d8117ac0","isActive":false,"balance":"$78,885.44","picture":"http://placehold.it/32x32","age":44,"eyeColor":"brown","name":"Stephanie Rojas","gender":"female","company":"EBIDCO","email":"stephanierojas@ebidco.com","phone":"+1 (926) 435-3475","address":"777 Village Road, Stewart, Mississippi, 1794","about":"Veniam dolor laborum nulla voluptate reprehenderit ea officia. Et dolore aute anim duis. Dolor excepteur quis proident officia occaecat. Aute amet culpa enim laborum mollit enim dolor ex anim pariatur enim sunt anim. Dolor eiusmod aliqua culpa in elit qui.\r\n","registered":"2014-06-17T04:56:20 -07:00","tags":["quis","velit","magna","elit","occaecat","ea","et"],"friends":[{"id":0,"name":"Manning Landry"},{"id":1,"name":"Burke Daniel"},{"id":2,"name":"Susan Parrish"}],"greeting":"Hello, Stephanie Rojas! You have 2 unread messages.","favoriteFruit":"orange","location":{"latitude":84.854651,"longitude":2.746762},"docFormat":"json","triples":[{"triple":{"subject":"/sample-data/data-1262.json","predicate":"http://www.w3.org/2000/01/rdf-schema#label","object":"Stephanie Rojas"}},{"triple":{"subject":"/sample-data/data-1262.json","predicate":"http://www.w3.org/1999/02/22-rdf-syntax-ns#type","object":"http://xmlns.com/foaf/0.1/Person"}},{"triple":{"subject":"/sample-data/data-1262.json","predicate":"http://xmlns.com/foaf/0.1/knows","object":"/sample-data/data-2783.json"}},{"triple":{"subject":"/sample-data/data-1262.json","predicate":"http://xmlns.com/foaf/0.1/knows","object":"/sample-data/data-2061.json"}},{"triple":{"subject":"/sample-data/data-1262.json","predicate":"http://xmlns.com/foaf/0.1/knows","object":"/sample-data/data-1904.json"}}]}