{"_id":"55ee5e44fb1ff0e086488c97","index":1156,"guid":"4c14cb49-3888-4119-bfc5-012f35210188","isActive":false,"balance":"$48,378.55","picture":"http://placehold.it/32x32","age":49,"eyeColor":"brown","name":"Alisha Walton","gender":"female","company":"MAZUDA","email":"alishawalton@mazuda.com","phone":"+1 (966) 482-3971","address":"797 Cheever Place, Finderne, Maryland, 5637","about":"Tempor consectetur nulla ad culpa do in magna sint ullamco esse. Aliqua duis reprehenderit occaecat dolor ipsum qui incididunt nostrud labore. In reprehenderit ad et eiusmod. Ipsum qui culpa sunt id magna aliqua tempor aliqua officia consectetur mollit ipsum nulla elit. Sunt tempor anim exercitation sint amet. Culpa proident incididunt qui exercitation. Exercitation occaecat laboris nulla aute commodo proident labore fugiat tempor labore duis.\r\n","registered":"2014-10-11T12:07:00 -07:00","tags":["amet","nisi","dolore","ea","fugiat","proident","dolor"],"friends":[{"id":0,"name":"Ayers French"},{"id":1,"name":"Love Franco"},{"id":2,"name":"Kathryn Brock"}],"greeting":"Hello, Alisha Walton! You have 1 unread messages.","favoriteFruit":"orange","location":{"latitude":35.236244,"longitude":32.127784},"docFormat":"json","triples":[{"triple":{"subject":"/sample-data/data-1156.json","predicate":"http://www.w3.org/2000/01/rdf-schema#label","object":"Alisha Walton"}},{"triple":{"subject":"/sample-data/data-1156.json","predicate":"http://www.w3.org/1999/02/22-rdf-syntax-ns#type","object":"http://xmlns.com/foaf/0.1/Person"}},{"triple":{"subject":"/sample-data/data-1156.json","predicate":"http://xmlns.com/foaf/0.1/knows","object":"/sample-data/data-163.json"}},{"triple":{"subject":"/sample-data/data-1156.json","predicate":"http://xmlns.com/foaf/0.1/knows","object":"/sample-data/data-2162.json"}},{"triple":{"subject":"/sample-data/data-1156.json","predicate":"http://xmlns.com/foaf/0.1/knows","object":"/sample-data/data-2776.json"}}]}