{"_id":"55ee5e442675ca58471941ae","index":11,"guid":"4c313188-b2d8-4f18-9872-9ed880e2275c","isActive":true,"balance":"$42,995.81","picture":"http://placehold.it/32x32","age":41,"eyeColor":"blue","name":"Noreen Carroll","gender":"female","company":"COMSTAR","email":"noreencarroll@comstar.com","phone":"+1 (804) 491-2110","address":"659 Farragut Road, Waukeenah, California, 7141","about":"Aliqua do non ex est laboris cupidatat duis in nisi consequat tempor officia et qui. Aute ea culpa aute sunt. Ullamco dolore laboris tempor occaecat commodo consectetur commodo excepteur ex elit adipisicing minim. Officia aliqua magna sint incididunt duis ullamco ullamco consectetur qui deserunt. Nostrud cillum minim voluptate ipsum veniam amet enim ullamco. Exercitation laboris ex dolore ullamco. Occaecat mollit pariatur non velit.\r\n","registered":"2014-12-13T11:39:40 -07:00","tags":["ullamco","ullamco","pariatur","eu","occaecat","consectetur","duis"],"friends":[{"id":0,"name":"Katherine Good"},{"id":1,"name":"Alejandra Patton"},{"id":2,"name":"Essie Dudley"}],"greeting":"Hello, Noreen Carroll! You have 4 unread messages.","favoriteFruit":"banana","location":{"latitude":-19.019597,"longitude":171.653848},"docFormat":"json","triples":[{"triple":{"subject":"/sample-data/data-11.json","predicate":"http://www.w3.org/2000/01/rdf-schema#label","object":"Noreen Carroll"}},{"triple":{"subject":"/sample-data/data-11.json","predicate":"http://www.w3.org/1999/02/22-rdf-syntax-ns#type","object":"http://xmlns.com/foaf/0.1/Person"}},{"triple":{"subject":"/sample-data/data-11.json","predicate":"http://xmlns.com/foaf/0.1/knows","object":"/sample-data/data-1494.json"}},{"triple":{"subject":"/sample-data/data-11.json","predicate":"http://xmlns.com/foaf/0.1/knows","object":"/sample-data/data-2490.json"}},{"triple":{"subject":"/sample-data/data-11.json","predicate":"http://xmlns.com/foaf/0.1/knows","object":"/sample-data/data-597.json"}}]}