{"_id":"55ee5e4453de76b80caba79a","index":1436,"guid":"dfffad7d-7eef-4aef-8316-ab534e15fc78","isActive":false,"balance":"$37,935.69","picture":"http://placehold.it/32x32","age":51,"eyeColor":"brown","name":"Prince Chandler","gender":"male","company":"LUXURIA","email":"princechandler@luxuria.com","phone":"+1 (898) 419-3973","address":"208 Gerald Court, Echo, Mississippi, 5911","about":"Qui occaecat deserunt adipisicing consequat proident tempor voluptate nostrud. Cillum incididunt duis labore mollit ea culpa cupidatat nostrud ipsum Lorem sint ipsum. Nisi magna veniam in laboris culpa voluptate ea excepteur consequat magna nulla adipisicing culpa. Consequat laboris est voluptate cupidatat ea ut. Aute ad dolore nisi aliquip deserunt do irure enim. Reprehenderit non id do sint elit pariatur. Nisi sunt ut voluptate nulla aliqua anim tempor cupidatat sint velit enim est aute laboris.\r\n","registered":"2015-02-11T04:34:56 -07:00","tags":["Lorem","magna","aliqua","ullamco","dolor","nulla","occaecat"],"friends":[{"id":0,"name":"Jarvis Gilbert"},{"id":1,"name":"Jo Acevedo"},{"id":2,"name":"Camacho Grimes"}],"greeting":"Hello, Prince Chandler! You have 8 unread messages.","favoriteFruit":"banana","location":{"latitude":-4.284704,"longitude":81.195578},"docFormat":"json","triples":[{"triple":{"subject":"/sample-data/data-1436.json","predicate":"http://www.w3.org/2000/01/rdf-schema#label","object":"Prince Chandler"}},{"triple":{"subject":"/sample-data/data-1436.json","predicate":"http://www.w3.org/1999/02/22-rdf-syntax-ns#type","object":"http://xmlns.com/foaf/0.1/Person"}},{"triple":{"subject":"/sample-data/data-1436.json","predicate":"http://xmlns.com/foaf/0.1/knows","object":"/sample-data/data-2871.json"}},{"triple":{"subject":"/sample-data/data-1436.json","predicate":"http://xmlns.com/foaf/0.1/knows","object":"/sample-data/data-146.json"}},{"triple":{"subject":"/sample-data/data-1436.json","predicate":"http://xmlns.com/foaf/0.1/knows","object":"/sample-data/data-1187.json"}}]}