{"_id":"55ee5e44a133a2d50b0cce09","index":1434,"guid":"1172ba99-2b65-4e7d-825c-56f1adbe3c3b","isActive":false,"balance":"$10,845.88","picture":"http://placehold.it/32x32","age":68,"eyeColor":"brown","name":"Rita Harris","gender":"female","company":"ZERBINA","email":"ritaharris@zerbina.com","phone":"+1 (819) 562-2055","address":"825 Clifford Place, Cucumber, Massachusetts, 5632","about":"Reprehenderit laboris qui mollit eu pariatur magna aute deserunt aute do exercitation occaecat. Fugiat laboris incididunt deserunt magna irure non deserunt Lorem occaecat ex consectetur irure proident ex. Tempor adipisicing esse excepteur nostrud commodo deserunt non Lorem proident nulla anim tempor. Mollit velit cillum nostrud minim dolor deserunt eiusmod enim proident est reprehenderit ipsum qui excepteur. Do non dolore do enim qui dolor commodo exercitation pariatur deserunt adipisicing culpa ullamco.\r\n","registered":"2014-11-10T05:27:00 -07:00","tags":["commodo","reprehenderit","dolore","nulla","do","labore","mollit"],"friends":[{"id":0,"name":"Melisa Beach"},{"id":1,"name":"Russo Small"},{"id":2,"name":"Ines Brown"}],"greeting":"Hello, Rita Harris! You have 6 unread messages.","favoriteFruit":"apple","location":{"latitude":-54.476992,"longitude":-102.664214},"docFormat":"json","triples":[{"triple":{"subject":"/sample-data/data-1434.json","predicate":"http://www.w3.org/2000/01/rdf-schema#label","object":"Rita Harris"}},{"triple":{"subject":"/sample-data/data-1434.json","predicate":"http://www.w3.org/1999/02/22-rdf-syntax-ns#type","object":"http://xmlns.com/foaf/0.1/Person"}},{"triple":{"subject":"/sample-data/data-1434.json","predicate":"http://xmlns.com/foaf/0.1/knows","object":"/sample-data/data-2617.json"}},{"triple":{"subject":"/sample-data/data-1434.json","predicate":"http://xmlns.com/foaf/0.1/knows","object":"/sample-data/data-164.json"}},{"triple":{"subject":"/sample-data/data-1434.json","predicate":"http://xmlns.com/foaf/0.1/knows","object":"/sample-data/data-2416.json"}}]}