{"_id":"55ee5e4437a7690e33cdb01b","index":143,"guid":"08ddad0a-7984-45d9-98b5-e44416484d70","isActive":false,"balance":"$7,623.61","picture":"http://placehold.it/32x32","age":31,"eyeColor":"blue","name":"Kathryn Lott","gender":"female","company":"UNIA","email":"kathrynlott@unia.com","phone":"+1 (911) 417-2034","address":"148 Cozine Avenue, Sterling, Hawaii, 209","about":"Tempor do aute ea aute amet irure aliqua est dolore Lorem sint. Cillum ea occaecat incididunt eu do ut amet enim voluptate. Dolore amet enim aliquip qui ullamco adipisicing sint ut. Aliqua mollit excepteur dolor esse. Velit esse ipsum quis commodo dolore nulla in fugiat nostrud mollit laboris eu veniam cupidatat. Labore ex id Lorem ipsum nulla et sunt laboris. Dolor sit in labore commodo exercitation amet dolore laborum dolore.\r\n","registered":"2015-08-20T04:54:59 -07:00","tags":["cillum","magna","minim","cupidatat","veniam","cupidatat","dolore"],"friends":[{"id":0,"name":"Dejesus Kramer"},{"id":1,"name":"Goodwin Cooke"},{"id":2,"name":"Ebony Butler"}],"greeting":"Hello, Kathryn Lott! You have 4 unread messages.","favoriteFruit":"banana","location":{"latitude":-19.167809,"longitude":-96.335525},"docFormat":"json","triples":[{"triple":{"subject":"/sample-data/data-143.json","predicate":"http://www.w3.org/2000/01/rdf-schema#label","object":"Kathryn Lott"}},{"triple":{"subject":"/sample-data/data-143.json","predicate":"http://www.w3.org/1999/02/22-rdf-syntax-ns#type","object":"http://xmlns.com/foaf/0.1/Person"}},{"triple":{"subject":"/sample-data/data-143.json","predicate":"http://xmlns.com/foaf/0.1/knows","object":"/sample-data/data-1953.json"}},{"triple":{"subject":"/sample-data/data-143.json","predicate":"http://xmlns.com/foaf/0.1/knows","object":"/sample-data/data-1059.json"}},{"triple":{"subject":"/sample-data/data-143.json","predicate":"http://xmlns.com/foaf/0.1/knows","object":"/sample-data/data-2051.json"}}]}